aardvark,2632327798
abbey,183352786,251666801,448522903
abstract,6777346,7284581,61859916,89581032,98825736,108431851,119325238,206952130,227473537,230701555,323492481,382314821,395513809,401816244,432291866,1823368317,2236196478,2281241280,2296741507,2362125100,2418950445,2630872539
abutment,21960139,504890452,1403061248,1668116260,2362513116,2372887589,2637513972
acropolis,3210593,672007602
adapter,1509715771
adobe,2471776337,2605631921
aerial,151430421,256893058,438016454,1430725965,1570654910,2101219909
african lily,234874425
aircraft,12420828,65629091,159638079,265139537,342393290,409263528,491105757,537124826,1678854254,2051991129,2157455642,2229568558,2245962407,2513775099,2550393562,2578876990
airframe,12420828,159638079,265139537,409263528,2550393562
airliner,409263528
airplane fuselage,409263528
airplane wing,265139537,409263528,2157455642,2578876990
airplane,12420828,159638079,265139537,409263528,491105757,2051991129,2157455642,2229568558,2245962407,2550393562,2578876990
aisle,1302443986,1977489284,2072190925
alcohol,89581032,180830060,536152909,1200848438,1411776662,2268559784
alehouse,68949521,351668053,1803080543,2419173519
alley,2062040,39729521,206952130,2471776337,2532621313,2540939944
alligator,2118922555
alp,26494525,172348354,259939989,282169809,318328404,457651143,480758963,484874091,515275322,852632936,916960197,1268929741,1618204856,2098314512,2283702576,2389896984,2405558850,2431243999,2493089986,2646016308
altar,398702082,2174269902,2304386842,2443127728
amphibian,526628045,2118922555
amphitheater,3210593,19580877,21960139,48766933,2156986834
amusement park,15512694,34302694,205253711,727940317,1316568731,1393910316,2174269902,2608659008,2682441405
ancient,9518155,25367430,48766933,191684963,377110577,448522903,822126720,1411776662,2122086628,2372887589,2382193322,2471776337
anemone fish,394361925
angora,480075794
animal,3967833,12628783,21917292,25367430,31663680,50832395,55277230,72261081,74281721,87725392,115904878,129158340,130991928,147565285,182858550,197645498,210227795,228903290,231323035,234884663,241858006,275026332,285239814,292818330,292841088,308472191,308744580,314799196,339789508,358345320,394361925,395760605,410076131,451484067,463849591,480075794,492875246,494948440,499246847,525307874,526628045,537124826,587592290,718836924,776447843,846456724,873156042,958779370,1015976208,1063634217,1369125592,1387130140,1389838651,1435190349,1525128476,1571381986,1732276605,1787169940,1810040098,1841900509,1861541821,2030760456,2057122004,2072169564,2087662059,2090361277,2115702396,2118922555,2226386065,2268697214,2281040237,2339337138,2343113638,2355438226,2370430294,2386342545,2392255040,2394119794,2416893376,2424220309,2451591594,2461178429,2487505095,2505408698,2512388670,2534706676,2559202659,2578876990,2579943281,2605631921,2632327798,2635210579,2656999940
ant,314799196,1389838651
anteater,1732276605,2090361277
antenna,1229709083,2608659008
apartment,20089623,112636310,137738702,206952130,253123505,272975702,335083857,435507461,544107749,657677433,1268929741,2164006612,2603441011,2656493496
aposematic coloration,1369125592
apple tree,4628485
appliance,377110577
aqualung,3967833,2505408698,2552465608
aquatic bird,50832395
arbor,637430652,2308902813,2454453313
arch,38207846,158224252,183352786,191901635,465039380,486346117,487277798,700836520,1302443986,1391694851,1421804583,1474771336,1668116260,1977489284,2072190925,2156986834,2362513116,2382193322,2440647074
archery,1082559243,1579077813,2623831369
architecture,3210593,3547950,7985241,9518155,10349991,13903837,15512694,19580877,19712711,20089623,20310093,21960139,23801527,25367430,28532796,28691389,34057154,38207846,48766933,60466077,62321143,62636966,67370894,71856284,75780574,77081859,86556030,98825736,107578213,112636310,112836544,116773275,118376111,125167047,127015590,128371728,135800660,136000128,136810587,137738702,144955304,148071292,158224252,160938976,173673622,183352786,191684963,191901635,195542406,205253711,206952130,215141280,218812458,222905276,225023373,229952562,240592520,241248152,251666801,253123505,260695923,272975702,276172787,282069800,282169809,282982546,316316942,328919148,334603571,335083857,346464074,348386912,357595787,360584980,363939697,364636751,366370800,390982196,398702082,401816244,402960908,418009853,424828032,435507461,448522903,465039380,476892436,478673201,480758963,486346117,487277798,504890452,512886613,530089603,537136558,541290583,544107749,558562520,585488899,588715640,637430652,652544665,657677433,672007602,700836520,702832899,706313534,841700952,846456724,906329962,918276103,943609424,992112800,1014171498,1049921616,1173989741,1195771989,1229709083,1268929741,1302443986,1340384120,1386327355,1391694851,1394839359,1403061248,1421804583,1474771336,1570654910,1668116260,1864826018,1977489284,1980640826,1992410649,2031226762,2032193286,2036724200,2051991129,2072190925,2122560341,2134777863,2148027767,2156986834,2163552376,2164006612,2174269902,2181985569,2187969732,2230006563,2264268311,2268559784,2270112800,2285508750,2290248747,2304386842,2308879577,2327911806,2347604657,2362513116,2370108583,2372887589,2382193322,2386910894,2392139318,2418950445,2440647074,2443127728,2454453313,2471776337,2491014856,2540939944,2550467364,2580962476,2586304090,2589523539,2594826180,2603441011,2605631921,2608659008,2610912852,2627541699,2632108654,2636113799,2637513972,2647865284,2653105539,2656493496
arctic fox,2370430294
arete,47389788,282169809,346464074,446454959,484874091,852632936,884252649,1618204856,2283702576,2389896984,2405558850,2493089986
armored personnel carrier,423397614
armored vehicle,423397614
art gallery,348386912
art,437980,3967833,25367430,28691389,39729521,52288355,61859916,108431851,174155112,191684963,201616306,206952130,217354449,226098518,230701555,240592520,274715099,292425207,293922559,334603571,348386912,361084643,377110577,395760605,397758914,441013560,476892436,483001795,486346117,560215072,652544665,822126720,843627310,1127188742,1222635056,1349034874,1411776662,1434150232,1474771336,1620305433,1895114393,2110331074,2181985569,2187969732,2229589557,2236196478,2259974631,2304386842,2323676812,2397482849,2471776337,2534706676,2561406275,2604637707,2606755505,2654226745,2683005836
artifact,240592520,822126720,2304386842,2683005836
aspen,1922179859
assembly hall,195575666,256079734,566054234,1556618468,1734657282,1935359867,2519376735
assembly,1935359867
athlete,181768314,245351833
athletic game,68916290,162865287,181768314,188476505,245351833,256079734,384380510,1358002180,2081012324,2186132627,2297351718,2500836783,2540092049,2541917242
atoll,773998281,799752875
auditorium,164961282,195575666,256079734,566054234,1556618468,1734657282,1935359867,2519376735
auto racing,44879802,158565871,756983622,2237963647
autumn,13903837,197645498,206308870,2181444610
backboard,229952562,293922559,342393290,519776532
backhoe,377787113
baggage,375873824
bagpipe,144613684,247359819,375410166,450967075
ball game,68916290,245351833,527623156,2081012324,2336543667
ball,194076081,323492481,2168597528,2304544531,2517875595,2665463520
balloon flower,234874425
balloon,342393290,537124826,1678854254
ballpark,21960139,162865287
baluster,672007602
banjo,56305749,101772059,450967075,463307696
banner,2062040,136810587,198632766,466201180,523056300,1127188742,1634795058,2243274082,2467224573,2654599844
bannister,205253711,1386327355,2296692471
banquet,68949521,180830060,250156458,1322006458
banyan,54914084,377787113,2308902813
bar,135800660,164236783,195575666,1200848438,2268559784,2289940012,2416627028
barbecue,22548446,182937063,1322006458,2529026512,2650599073
barberton daisy,7284581,2462118825
baseball,68916290,245351833,527623156,2081012324,2336543667
basket,2635210579
basketball,68916290,181768314,342393290,519776532,2186132627,2519376735,2540092049,2541917242
basset,210227795,2416893376
bastion,3210593,448522903,544107749,1403061248,1864826018,2230006563,2285508750,2372887589,2589523539,2627541699
battlement,191901635,448522903,541290583,1864826018,1980640826,2156986834,2230006563,2550467364,2627541699,2637513972
bay,37119005,91047082,1394839359,2111400646,2396601647,2413884286
bazaar,22548446,34302694,390804577,1322006458,1349034874,2147844654,2174269902
beach,37119005,91047082,275804646,291412821,418009853,495691045,773998281,799752875,898137360,1201025109,1394839359,1506213511,1992410649,2084551032,2111400646,2116963331,2356540937,2396601647,2449493239,2497840790,2505578061
beachwear,489487156,511377234,1100140841
beam,21960139,86556030,98825736,158224252,401816244,2051991129,2370108583,2443127728,2454453313
bear,2386342545
bed,20272509,60688985,61759110,222896958,232944653,425694628,1024188586,2051991129,2358789431,2385097308,2647865284
bedroom,3547950,20272509,60688985,222896958,402960908,424828032,425694628,706313534,2051991129,2253537883,2647865284,2656493496
beer bottle,2481521999
belfry,9518155,19580877,195542406,251666801,2230006563,2632108654
beluga,50832395
bench,54914084,398702082,1103677200,1386327355,2301402444,2592611628,2605631921
benthos,256893058,394361925,463849591,537124826,2505408698,2552465608
berry,2200474822
beverage,89581032,101986983,180830060,227473537,536152909,1200848438,1411776662,2268559784,2413732894,2481521999
bicycle seat,319819166,1394504558
bicycle wheel,319819166,1394504558,2600958754
bicycle,8593255,160046625,181768314,212002963,245351833,319819166,370040028,483001795,1386327355,1394504558,2379904195,2412294847,2471981001,2579943281,2600958754,2604637707
bicycling,181768314,245351833,319819166,2579943281,2600958754
bike pedal,1394504558,2600958754
bike,8593255,44571479,44879802,160046625,181768314,212002963,245351833,319819166,370040028,483001795,1386327355,1394504558,2229568558,2379904195,2412294847,2471981001,2579943281,2600958754,2604637707
bikini,489487156,511377234
billiard room,2168597528,2566561267
billiards,2168597528,2566561267,2676516865
birch,452354422
bird feeder,2407469504
bird of prey,1435190349
bird,12628783,50832395,55277230,292818330,339789508,451484067,494948440,1435190349,2339337138,2392255040
birdbath,2118922555
black background,52288355,106198869,230701555,421393562,652544665,732233143,1076009973,2281241280,2398726235,2561406275
black,12628783,50832395,52288355,59651013,106198869,230701555,234665196,243586043,306954629,339789508,421393562,652544665,732233143,873156042,1076009973,1466365567,2263442987,2281241280,2398726235,2416627028,2561406275,2656999940
blackandwhite,2062040,56305749,158078339,174155112,205253711,226098518,250290549,276172787,304327768,306954629,315958029,361084643,377110577,380790739,435507461,436893754,530494258,555333733,829331056,1173989741,1222635056,1466365567,1525128476,1679837512,1810040098,2065021681,2223154116,2339337138,2398726235,2534352864,2589523539,2608659008,2609189584,2631456064,2646837610,2656999940
blinker,1294096497,1990704452,2036724200
block,89581032
blossom,4628485,27946907,30123514,153189577,581298522,2200474822,2462118825,2462317092
blue,3967833,7985241,23801527,48068449,65629091,72261081,74281721,89160188,98825736,154161621,156647437,201616306,225213339,234874425,251351566,323492481,339789508,342393290,382314821,394361925,450818966,512789590,537124826,566054234,587592290,885954576,1369125592,1435190349,1678854254,1966821285,2114455772,2158603848,2296741507,2494616221,2505408698,2512388670,2534706676,2571982959
bluff,19712711,28532796,37119005,259939989,282169809,305448528,594668974,656627380,884252649,2098314512,2111400646,2468501285,2493089986,2646016308
blur,30123514,61859916,67711312,114960755,119325238,123658774,196142202,230701555,306954629,323492481,380790739,382314821,465039380,873156042,1277057545,1357088188,1466365567,1787169940,1803080543,1823368317,2096124845,2181444610,2223154116,2268559784,2305819628,2362125100,2409783581,2475435786,2550222285,2630872539,2632327798,2676516865
boat racing,587592290,2356540937,2539458497,2589840368
boat,63676031,98825736,154161621,185202578,222905276,282069800,282982546,291412821,335083857,587592290,644134331,756983622,799752875,877654076,1268929741,1394839359,1506213511,1560971808,1813759848,1992410649,2052510306,2240848300,2356540937,2475435786,2513775099,2539458497,2589840368,2605631921
bokeh,74281721,2181444610,2200474822,2268559784,2438519654
bonfire,52288355,135800660,209402727,230701555,295572853,329549489,441013560
bonsai,28691389,415234289,818507671
book,523056300
bookshelf,328919148
bookshop,2289940012,2603441011
boot,2367555334
bottle,2481521999
bouquet,7284581,103819966,162105376,351943942,581298522,2462118825
bowl,180830060,227473537
bowling,370040028
bowsprit,154161621
boxing,277124651,434139584
brain coral,463849591
branchlet,30123514,1209992097,2355438226
bread,139296556
breakfast table,112836544,250156458
brick red,13903837,86556030,206952130
brick,13903837,86556030,206952130,334603571,1049921616,2471776337,2605631921
brickwork,13903837,86556030,206952130,215141280,316316942,2471776337
bridal veil,1381645799
bride,33553379,432274444,1381645799
bridesmaid,231999516
bridge,15512694,21960139,34057154,148071292,282069800,418009853,504890452,1421804583,1668116260,1992410649,2036724200,2308879577,2386910894,2594826180
bright,6777346,89581032,323492481,342393290,1349034874
brittle star,1389838651
brochette,2650599073
brown bear,2386342545
brownstone,137738702,272975702,435507461,657677433
bubble,108431851,537124826,2438519654,2571982959
buffet,180830060,250156458,1322006458,2061249534
buggy,2579943281
building complex,19580877,112636310,118376111,136810587,137738702,222905276,229952562,253123505,272975702,435507461,544107749,588715640,657677433,706313534,906329962,2164006612,2656493496
building structure,3210593,15512694,21960139,48766933,112636310,205253711,229952562,260695923,335083857,390982196,544107749,992112800,1268929741,1386327355,1570654910,1668116260,2308879577,2454453313
building,3210593,3547950,7985241,9518155,15512694,19580877,20089623,21960139,28532796,48766933,67370894,71856284,75780574,77081859,86556030,98825736,107578213,112636310,112836544,118376111,127015590,136000128,136810587,137738702,160938976,183352786,195542406,205253711,206952130,215141280,218812458,222905276,229952562,251666801,253123505,260695923,272975702,335083857,357595787,363939697,364636751,366370800,390982196,398702082,402960908,424828032,435507461,448522903,480758963,537136558,541290583,544107749,558562520,588715640,637430652,657677433,672007602,700836520,702832899,706313534,841700952,906329962,918276103,943609424,992112800,1014171498,1173989741,1195771989,1268929741,1340384120,1386327355,1403061248,1474771336,1570654910,1668116260,1864826018,1977489284,2031226762,2148027767,2156986834,2164006612,2187969732,2230006563,2285508750,2290248747,2308879577,2327911806,2347604657,2362513116,2372887589,2440647074,2443127728,2454453313,2491014856,2540939944,2580962476,2586304090,2589523539,2603441011,2608659008,2627541699,2632108654,2637513972,2656493496
bullfight,1525128476
bullhorn,163166337,279571969,389751886,2551056585
bumper car,2566561267
bungee,47389788,2229568558
bunk bed,2051991129
burrito,44904904
bus,306971525,335083857,2051991129,2157271939,2370108583
butterfly fish,394361925
butterfly,275026332
cabin,2372887589
cabinet,303904878
cable car,222905276,1268929741,2513775099
cable,5395668,1229709083
cactus,992112800,1678854254
cafeteria,370040028,424828032,2136127470,2570491575
cage,60466077,377110577,1355840353
caladenia,2355438226
camera,148071292,1140339335
camp chair,2626755673
campanile,9518155,10349991,19580877,251666801,366370800,544107749,702832899,2164006612,2392139318
camping,2091230502,2626755673
campsite,2091230502,2626755673
candelabrum,329549489,441013560,2443127728
candle,67711312,70095169,135800660,295572853,329549489,441013560,495795652,536415654,1788107777,1803080543,2307558961,2411335934,2481521999,2634080580
candlestick,101986983,329549489,441013560,2443127728
canine,2090361277,2115702396,2370430294
cannon,1421804583
canoe,1813759848
cantilever bridge,15512694,21960139,1668116260
canyon,19712711,47389788,259939989,282169809,346464074,399080876,656627380,1618204856,2431243999,2615143902
cap,881288077
capitol,19580877,251666801,906329962,1977489284,2589523539
car bumper,30256131,44879802,1440160335,2237963647
car engine,44879802
car grille,1440160335
car hood,1440160335,2237963647
car interior,25621771,464994968,530089603
car mirror,25621771,306971525,530089603,1294096497,2046122211
car part,5221451,8593255,25621771,30256131,44879802,306971525,388179348,413640971,464994968,483001795,530089603,1294096497,1394504558,1440160335,1990704452,2036724200,2046122211,2237963647
car rally,44879802,158565871,2069710899,2157271939,2237963647,2553341619,2654599844
car seat,413640971,464994968
car tire,44879802,1394504558
car wheel,44879802,2237963647
car,8593255,25621771,44879802,118376111,158565871,306971525,756983622,1440160335,2046122211,2069710899,2123758726,2157271939,2237963647,2475435786,2553341619,2615656261,2654599844
card index,132041693,162580564
cargo container,74181310,1014171498,2207071300,2491014856
carnivore,228903290
carousel,34302694,1316568731,1393910316,2174269902,2682441405
carp,2461178429
carriage,2477795310,2579943281
carthorse,2579943281
cartoon,1222635056,1466365567,2110331074,2236196478
casino,348386912,2566561267
castle,67370894,251666801,448522903
cat,308744580,410076131,480075794,492875246,776447843,846456724,873156042,1063634217,2424220309,2487505095,2632327798,2635210579
cathedral,19580877,251666801,357595787,448522903,906329962,1474771336,1977489284
cattle,2268697214
cave,27946907,656627380,2181444610
cavern,27946907,2181444610
cenotaph,9518155,28691389,107578213,191684963,195542406,218812458,229952562,240592520,282982546,512886613,541290583,918276103,2285508750,2304386842,2589523539,2627541699,2653105539
censer,2304386842,2443127728
ceramic,1411776662
cetacean,587592290,2505408698
chacma,228903290,2090361277
chaetodon,394361925
chain-link,206952130,1014171498
chair,112836544,161991439,250982555,2606834289,2626755673
chairlift,2087662059
chalet,363939697,637430652,2656493496
chandelier,441013560
chassis,44879802,1025374104
chateau,67370894,251666801,448522903,700836520
cherry,2200474822
chestnut horse,182858550,2343113638
chihuahua,292841088,846456724,1387130140,2394119794
chromatic,89581032
chrysanthemum,2462118825
church,19580877,71856284,137738702,183352786,251666801,357595787,398702082,448522903,544107749,558562520,700836520,702832899,906329962,943609424,1173989741,1474771336,1864826018,1977489284,2164006612,2230006563,2362513116,2372887589,2443127728,2627541699
cichlid,2461178429
cigar band,139296556
cigarette butt,2571982959
circle,21917292,1411776662,2281241280
circuit,1025374104,2268559784
circuitry,39729521,243359346,1025374104
city,19580877,112636310,118376111,135800660,206952130,218812458,357595787,544107749,588715640,906329962,1268929741,2036724200,2134777863,2164006612,2268559784,2610912852
cityscape,135800660,206952130,357595787
classroom,83758905,112836544,160938976,189546443,322288178,378940204,841700952,1935359867,2250855125,2519376735
cliff diving,37119005,644134331,1394839359
cliff,19712711,37119005,47389788,252792523,259939989,282169809,346464074,446454959,656627380,852632936,884252649,1394839359,2098314512,2111400646,2238973557,2283702576,2405558850,2413884286,2431243999,2468501285,2493089986,2583478083,2615143902,2646016308
climber,47389788,54796426,484874091,644134331,2231570854,2389896984,2537068619
clipper ship,63676031
clock tower,7985241,9518155,229952562,357595787,478673201,702832899,918276103,2164006612
cloister,1421804583,2072190925
closet,274715099,493393150
cloud,20310093,156647437,304327768,306954629,484874091,585488899,1394839359,1618204856,2032193286,2036724200,2283702576,2405558850,2449493239,2608659008
clown,70978801,194076081,540248127,735461123,1530495528,2045011864,2223060962
clownfish,394361925
coast,37119005,66135148,91047082,125981463,275804646,291412821,292587305,305448528,319707746,418009853,495691045,594668974,773998281,799752875,898137360,1201025109,1394839359,1430725965,1795217965,1992410649,2036724200,2084551032,2111400646,2207071300,2231570854,2245527300,2356540937,2392139318,2396601647,2413884286,2449493239,2468501285,2497840790,2513775099,2589840368
coat,2110644836
cockpit,163692171
coffee,101986983
coil,21917292,2635210579
coliseum,19580877,48766933,448522903,544107749,672007602,1977489284,2148027767,2156986834
collection,2236196478
cologne,377110577
colonnade,544107749,672007602,1977489284
column,398702082,544107749,672007602,2443127728
comic book,243359346,1620305433,2236196478
computer chip,781310418
computer circuit,2268559784
computer monitor,23801527,302914920,566054234,781310418,2676433445
computer mouse,527356267
computer screen,781310418
computer,840454936,2250855125,2676433445
concert band,44571479,651684781,2519376735
concert,3967833,13860387,67711312,106198869,141710977,164961282,277124651,295572853,339486635,536415654,566054234,603180536,651684781,714321125,1594279840,1788107777,1803080543,2345395075,2448600609,2476694118,2553630504,2634080580,2676516865
concrete,206952130
condominium,112636310,118376111,137738702,229952562,272975702,435507461,544107749,657677433,706313534,1195771989,2164006612,2603441011,2656493496
conference table,841700952,2250855125,2570491575
conifer,360197603,409032354,2446186051,2532123147
contact sport,384380510,2081012324,2297351718,2540092049
container ship,63676031,1229709083
control panel,44879802,201616306,306971525
coral,256893058,394361925,463849591
corbel,75780574
costume,375410166,540248127,1720989606,2045011864,2683005836
counter,135800660,164236783,195575666,1200848438,1348223334,1361694059,2268559784,2289940012,2416627028,2570491575
country house,364636751,366370800,637430652,1195771989,2586304090,2656493496
court game,68916290,181768314,188476505,228110201,342393290,418009853,511377234,519776532,1100140841,2081012324,2186132627,2356540937,2519376735,2540092049,2541917242
cow,2268697214
crag,19712711,47389788,252792523,259939989,282169809,346464074,446454959,656627380,852632936,884252649,2098314512,2238973557,2283702576,2405558850,2431243999,2468501285,2493089986,2583478083,2615143902,2646016308
crane,1229709083,2608659008
creek,288671977,292587305,305448528,594668974,656627380,898137360,1845784934,2052053410,2084551032,2583478083,2646016308
crew boat,2356540937
crimson,49920094,153189577,230701555,2101885074
crinoline,432274444
crocodile,2090361277,2118922555
cross country riding,2030760456,2343113638
cross-country skiing,318328404,2389896984,2537068619
crowd,245351833,256079734,295572853,1509822104,2091230502,2411335934,2634080580,2656575945
cruise ship,6292826
cup,89581032
curry,480049562,2297552664,2650599073
curtain,20272509,2418950445,2647865284
curve,437980,21917292,25621771,56305749,61859916,89581032,159638079,251351566,342393290,395513809,487277798,1340384120,1571381986,2056910050,2223154116,2257970455,2296692471,2397482849
cuticle,71832300,1330940996
cycling,181768314,245351833,319819166,2579943281,2600958754
dahlia,2462118825
daisy,2462118825
dancer,277124651,427048070,432274444,540248127,1505011270,2208780129,2476694118
dark red,49920094,67711312,89581032,230701555,323492481,2630872539
dashboard,44879802,306971525
deck,1386327355,2163552376,2327911806,2643859051
deer,228903290,358345320,2087662059,2115702396,2281040237
demonstrator,87514671,245351833,247359819,279571969,527623156,1393910316,2243274082,2411335934,2654599844
denim,885954576,1972856039
department store,136810587,229952562,2603441011
depth of field,50832395,50923571,123893403,197776821,323492481,2362125100,2438519654,2656999940
desk,402960908,454076636,2644710393
dessert,2413732894
dewdrop,30123514
diagonal,6777346,65629091,86556030,206952130,215141280,2397482849
dial,1411776662
digital display,192239539,781310418
dining room,68949521,112836544,402960908,424828032,1200848438,2289940012,2570491575
dining table,68949521,112836544,250156458,454076636,1456818078,2570491575
dining,68949521,112836544,402960908,424828032,1200848438,2289940012,2570491575
dinner table,68949521,112836544,250156458,454076636,1456818078,2570491575
dish,2403211,180830060,227473537,2297552664,2413732894
display screen,23801527,192239539,302914920,348386912,566054234,781310418,2676433445
display window,60466077,70095169,97376056
diver,3967833,2505408698
document,27058497,35333717,103356829,162580564,302914920,560215072,1051066903,1434150232,1858109134,2122086628
dog,31663680,55277230,129158340,210227795,228903290,292841088,308744580,410076131,846456724,1063634217,1387130140,1732276605,2394119794,2416893376,2424220309,2632327798
doll,194076081,2135034432,2223650300,2665463520
dolphin,587592290
dome building,918276103
dome,251666801,906329962
donkey,241858006,958779370
door,60466077,62636966,75780574,943609424,2181985569,2418950445,2647865284
dormitory,20272509,222896958,2051991129,2253537883
draft horse,182858550,241858006,2579943281
dragonfly,1810040098
drapery,20272509,2647865284
drawbridge,21960139,1668116260
drawing,25367430,108431851,217354449,226098518,293922559,377110577,560215072,1127188742,1222635056,2110331074,2236196478,2606755505
dress,231999516,432274444,874507990,1381645799,2208780129
dressage,234884663,1525128476,2030760456,2343113638
drum,466791817,651684781,2243274082,2248582704,2289823014
duck,339789508
dune,295234584,418009853,1571381986,1795217965,2087662059
dusk,5395668,7985241,135800660,209402727,409032354,588715640,1201025109,1229709083,1394839359,2036724200,2134777863,2205107328,2387964405,2396601647
dust storm,241248152,418009853,2035796670,2036724200,2304885383,2396601647,2449493239
dwelling,137738702,363939697,2580962476,2656493496
eagle,1435190349
earthenware,1411776662
echinoderm,1389838651
electric locomotive,2133605412,2308879577,2370108583
electric organ,536847521,2119342539,2296692471
electronics,23801527,39729521,44879802,132041693,141710977,148071292,162580564,192239539,201616306,243359346,279571969,302914920,306971525,348386912,402960908,502140422,527356267,566054234,781310418,840454936,1025374104,1140339335,1229709083,1509715771,1594279840,2250855125,2268559784,2551056585,2608659008,2676433445
elephant,308472191,395760605,2090361277
engine,44879802,388179348,1025374104,2133605412
ensemble,44571479,64429050,164961282,277124651,295572853,450967075,519572102,651684781,714321125,1556618468,1679837512,1803080543,1935359867,2345395075,2377503745,2411335934,2448600609,2476694118,2519376735,2634080580
escarpment,19712711,26494525,87725392,172348354,252792523,259939989,282169809,346464074,399080876,594668974,656627380,884252649,898137360,1268929741,1618204856,2098314512,2493089986,2615143902,2646016308
eskimo dog,1063634217
ethereal,306954629,1823368317
eye,217354449,251351566,446410857,822126720,2223154116,2305819628,2654226745
eyeshadow,2305819628
fabric,20272509,98825736,139296556,178417990,246991981,395513809,476892436,885954576,1439315442,1895114393,1972856039,2101885074,2147844654,2236196478,2238973557,2358789431,2626755673,2635210579,2647865284
facade,19580877,48766933,75780574,943609424,1977489284,2440647074,2603441011
farm machine,227874761
farmer's market,1322006458,1349034874,1393910316
farmhouse,364636751
fatigues,178417990,476892436
faucet,432291866
fawn,2281040237
feather boa,2623164681
feline,115904878,228903290,308744580,410076131,480075794,492875246,776447843,846456724,873156042,1063634217,2424220309,2487505095,2632327798,2635210579
fence,206952130,288671977,464685163,1014171498,2257970455,2301402444,2605631921
fern,307415145
ferris wheel,727940317
ferry,34057154,63676031,154161621,225023373,1992410649,2051991129,2052510306,2296741507,2386910894,2513775099,2539458497
field game,25960998,68916290,77131556,162865287,182858550,234884663,245351833,342393290,384380510,527623156,1358002180,1387253973,1411776662,1525128476,2030760456,2081012324,2297351718,2336543667,2343113638,2623831369
field hockey,384380510,2297351718
field house,21960139
field,26494525,87725392,172348354,278557389,295234584,319707746,452354422,457651143,464685163,487277798,494948440,544476206,807932364,877654076,884252649,1209992097,1795217965,1966821285,2087662059,2304885383,2336942741,2355438226,2514912572,2531497427,2545607265,2646016308
fieldwork,253668016,418024333,958779370,1082559243,1260535289,2231570854,2233062143,2520895002
fighter jet,265139537,2550393562,2578876990
figure skating,324493801,2186132627
fire truck,2157271939
fire,13860387,52288355,61859916,67711312,70095169,106198869,135800660,177712205,182937063,209402727,218812458,230701555,295572853,306954629,329549489,339486635,441013560,441076162,495795652,644134331,2263442987,2534706676,2561406275,2630872539
fireworks,52288355,61859916,130991928,209402727,230701555,289902800,727940317,732233143
fish,50832395,72261081,231323035,394361925,463849591,537124826,2057122004,2226386065,2451591594,2461178429,2505408698
fishing,72261081,231323035,292587305,305448528,318328404,495691045,877654076,1030034142,1992410649,2231570854,2264038075,2356540937,2589840368
flag,2062040,65629091,136810587,198632766,229952562,466201180,523056300,1127188742,1634795058,2243274082,2467224573,2654599844
flagpole,65629091,229952562
flame,52288355,67711312,70095169,106198869,230701555,339486635,441013560,495795652,2534706676,2561406275,2630872539
floor lamp,2647865284
floor,283554318,443954065,1342668421,2365232528,2418950445
floret,112510590,153189577
florist,1393910316
flower cluster,581298522,2462317092
flower,7284581,49920094,89160188,89467346,103819966,112510590,119325238,153189577,162105376,206308870,234874425,351943942,395513809,581298522,2200474822,2355438226,2462118825,2462317092,2464052714,2514912572,2615143902
flowerbed,89467346
fly,285239814,314799196,2355438226,2578876990
flying buttress,702832899
fog,418009853,452354422,1229709083,1560971808,2036724200,2087662059,2205107328,2292797583,2304885383,2449493239
foliage,13903837,30123514,37852375,49920094,129616873,153189577,197645498,206308870,307415145,389129848,1027505935,1209992097,2181444610,2200474822,2259974631,2355438226,2414752710,2460946529,2462317092,2464052714,2512388670,2571982959,2580962476,2615143902
food pan,114960755,180830060
food processor,377110577
food,2403211,22548446,44904904,61759110,68949521,89581032,101986983,139296556,180830060,182937063,194076081,227473537,250156458,295234584,464685163,480049562,536152909,1200848438,1322006458,1411776662,2061249534,2142700172,2200474822,2268559784,2297552664,2358789431,2413732894,2448678869,2451591594,2481521999,2529026512,2531497427,2650599073
football,68916290,162865287,245351833,384380510,1358002180,2081012324
foothill,26494525,147565285,172348354,259939989,275804646,282169809,305448528,346464074,399080876,457651143,544476206,807932364,884252649,1268929741,1618204856,2035796670,2098314512,2283702576,2405558850,2545607265,2615143902,2646016308
footwear,459006266,1439315442,2036890139,2367555334
foremast,63676031,2240848300
forest,54914084,209402727,260695923,295234584,307415145,1103677200,1209992097,1922179859,2052053410,2087662059,2181444610,2292797583,2308902813,2355438226,2594826180
forklift,2157271939
formal wear,33553379,1520547918,2208780129
fort,3210593,19712711,67370894,191901635,215141280,251666801,346464074,448522903,541290583,544107749,588715640,700836520,1268929741,1403061248,1421804583,1864826018,1980640826,2122560341,2156986834,2230006563,2285508750,2372887589,2382193322,2550467364,2589523539,2627541699,2632108654,2636113799,2637513972
fortification,191901635,448522903,1403061248,1864826018,2372887589,2382193322,2637513972
fortress,3210593,19712711,67370894,191901635,346464074,448522903,588715640,700836520,1268929741,1403061248,1864826018,1980640826,2122560341,2156986834,2372887589,2382193322,2627541699,2636113799,2637513972
fountain,276172787,2134777863,2270112800
four wheel drive,158565871,1440160335
fox,2090361277,2115702396,2370430294
freeway,20310093,74181310,228110201,275804646,390982196,942953185,1430725965,2036724200,2157455642,2417974350
french window,20089623,60466077,348386912
fret,101772059,401816244,463307696
friends,189546443,206657657,233948412,389751886,886204220,1024188586,1041659293,1104179320,1128145562,1520547918,2345139837,2424890937,2453206122,2531693127
frieze,25367430,75780574,2443127728
frog,526628045,2118922555
frond,307415145
fruit,2200474822
fuel injection,44879802
full moon,1678854254,2281241280,2561406275
furniture,3547950,20272509,54914084,60688985,68949521,89581032,112836544,132041693,135800660,161991439,162580564,164236783,195575666,203104600,222896958,250156458,250982555,274715099,303904878,398702082,402960908,424828032,425694628,432291866,454076636,493393150,706313534,841700952,1103677200,1200848438,1348223334,1361694059,1386327355,1456818078,2051991129,2250855125,2268559784,2289940012,2301402444,2358789431,2416627028,2570491575,2592611628,2605631921,2606834289,2626755673,2644710393,2647865284,2656493496
furry,2424220309
fuschia,112510590
gable roof,137738702,215141280,363939697,558562520,2580962476,2656493496
gable,20089623,38207846,48766933,75780574,137738702,215141280,363939697,478673201,480758963,558562520,943609424,1977489284,2187969732,2285508750,2362513116,2372887589,2656493496
garden,30123514,89467346,129616873,153189577,164086512,234874425,415234289,807932364,1421804583,1966821285,2327911806,2462118825,2462317092,2514912572,2588642347,2613697704,2663958891
gargoyle,9518155,195542406,476892436
gate,1014171498,2181985569,2257970455
gatehouse,448522903,1864826018,2362513116
gauge,1411776662
gear,1394504558
geometric,6777346,206952130,652544665,2418950445
geranium,153189577,2514912572
gerbil,776447843
geyser,292587305,656627380,898137360,2396601647
giraffe,147565285
girder,21960139,98825736,2370108583,2454453313
glacier,305448528,360197603,446454959,484874091,532215989,1618204856,2283702576,2370430294,2389896984,2405558850,2493089986,2583478083
glasses,10546690,881288077,1140339335,2486003770,2551056585
gold,61859916,2358789431
golden retriever,31663680,292841088,1387130140,2416893376
goldfish,2057122004,2461178429
golf cart,1888525126
golf club,1082559243,2336942741
golf,364636751,375873824,813977099,1082559243,1381645799,1387253973,2336942741,2541210546,2566561267,2613697704,2649692521
gondola,1268929741
gorge,19712711,47389788,282169809,656627380,2233047334,2493089986,2583478083,2615143902,2646016308
gothic arch,38207846,183352786,1474771336,1977489284,2072190925,2362513116
gourd,1411776662
gown,231999516,432274444,1381645799,2208780129
graduation,19789346,1128145562
graffiti,437980,39729521,201616306,206952130,293922559,334603571,483001795,486346117,1127188742,1434150232,2110331074,2181985569,2187969732,2229589557,2236196478,2259974631,2323676812,2397482849,2471776337,2604637707,2654226745
grain,295234584,464685163,2142700172,2531497427
grainfield,295234584
grass,77131556,170032039,278557389,295234584,319707746,358345320,364636751,464685163,480075794,494948440,807932364,1027505935,1103677200,1197565041,1209992097,1260535289,1387253973,1403862147,1526506817,2020310926,2336942741,2355438226,2460946529,2462317092,2531497427,2545607265,2613697704
grassland,26494525,87725392,172348354,278557389,319707746,457651143,464685163,544476206,807932364,884252649,2336942741,2531497427,2545607265,2646016308
gravel,13434548,148071292,288671977,394361925,732739676,1571381986,2497840790,2571982959
gravestone,21917292,28691389,191684963,292818330,476892436,1103677200,1434150232,1802438894,2158603848,2181985569,2229589557,2301402444,2550467364,2613697704
gray fox,2090361277
gray horse,234884663,241858006
great hall,195575666,1302443986
green,21917292,30123514,37852375,129616873,167655452,170032039,307415145,308472191,314799196,314807877,389129848,415234289,463849591,494948440,526628045,1197565041,2040323895,2168597528,2460946529
greenhouse,906329962
greens,480049562,2297552664
grid,6777346,61859916,89581032,843627310,992112800,2236196478
grocery store,22548446,370040028,1322006458,1349034874,1393910316,2061249534,2157271939
groom,33553379,231999516,432274444,1381645799,2148474761,2633493920
group performance,64429050,195575666,256079734,1556618468,1935359867
groupshot,161991439,233948412,454430049,480094128,1104179320
guitar,56305749,101772059,160396221,450967075,463307696,1734657282,2296692471,2476694118
gym weights,83758905,101772059,283554318,450967075
gymnastic apparatus,83758905,283554318
gymnastics,511377234,1000313085
hair,123658774,156792719,192922734,529193485,873156042,1438848377,2223060962,2305819628,2320238326,2497918073
hall,19580877,20272509,60688985,160938976,164961282,195575666,424828032,535213765,566054234,1302443986,1342668421,1734657282,1935359867,1977489284,2418950445,2647865284
hallway,20272509,60688985,535213765,1342668421,2418950445,2647865284
hamburger,44904904
hammock,377787113,512789590
hand luggage,375873824
hand rail,1386327355
hand,56638869,67711312,71832300,114960755,323492481,380790739,395513809,1439315442,2097785540,2223154116
handmade,843627310,2236196478,2358789431
hands,56638869,71832300,323492481,873156042,2632327798
harbor seal,1571381986,2072169564,2370430294
harbor,21960139,28532796,34057154,63676031,67370894,154161621,241248152,282069800,282982546,799752875,1014171498,1229709083,1399333635,1668116260,1992410649,2032193286,2111400646,2158603848,2245527300,2413884286,2475435786,2513775099,2539458497,2610912852
harness horse,234884663
harp,20422315,714321125
harvester,227874761
hat,214710233,475149605,881288077,1024188586,1521061329,1895114393,2486003770,2494616221,2511847993,2663047018
hay,292818330,295234584,401816244,464685163,1197565041,2545607265
hdr,12420828,136000128,206952130,312383711,380161812,434791367,446779620,807932364,2032193286,2134777863,2550222285
head,10546690,91272996,123658774,141710977,156792719,161991439,174155112,192922734,217354449,226098518,251351566,383302597,393728691,443651623,446410857,450818966,529193485,822126720,830075810,873156042,881288077,1140339335,1438848377,1466365567,1469366442,1565244900,2099616406,2223060962,2223154116,2305819628,2320238326,2378355677,2398726235,2486003770,2497918073,2551056585,2606834289,2654226745
headboard,20272509,222896958
headlight,5221451,1294096497
headrest,25621771,530089603,1888525126
hedge,807932364,1403862147
helicopter,265139537,2513775099,2550393562
high jump,1000313085
high-rise,112636310,229952562,541290583,706313534,2164006612
highchair,112836544,161991439,250982555,2606834289
highway,20310093,74181310,228110201,275804646,282169809,390982196,942953185,1268929741,1430725965,2036724200,2157455642,2207071300,2417974350
hill,3210593,26494525,147565285,151430421,172348354,231684894,259939989,275804646,278557389,282169809,305448528,346464074,399080876,457651143,484874091,544476206,594668974,807932364,852632936,884252649,916960197,1268929741,1430725965,1618204856,2035796670,2098314512,2283702576,2405558850,2417974350,2431243999,2493089986,2545607265,2586304090,2615143902,2646016308
hippopotamus,2386342545
hitter,2336543667
hockey,384380510,2186132627,2297351718
home,112836544,160938976,402960908,424828032,841700952
horse bridle,182858550,234884663,2343113638
horse cart,2579943281
horse halter,182858550
horse racing,234884663,2091230502,2343113638
horse ranch,868427203,958779370,2605631921
horse rein,182858550,234884663,1525128476,2343113638
horse,182858550,234884663,241858006,958779370,1525128476,1841900509,1861541821,2030760456,2343113638,2559202659,2579943281,2605631921,2656999940
horseback riding,234884663,525307874,1525128476,1579077813,1841900509,2030760456,2343113638,2605631921,2633833076
hospital,20272509,222896958,232944653,250982555,290261739,1024188586,2649097142
hot air balloon,342393290,1678854254
hotel room,20272509,222896958,2647865284
hound,210227795,2416893376
hour hand,1411776662
house,3547950,20089623,28532796,54914084,137738702,174981993,222905276,272975702,363939697,364636751,366370800,435507461,448522903,480758963,558562520,637430652,657677433,706313534,943609424,1195771989,1386327355,1864826018,1977489284,2031226762,2163552376,2290248747,2327911806,2362513116,2372887589,2580962476,2603441011,2637513972,2643859051,2656493496
hovel,127015590,2372887589
husky,308744580
ice hockey,2186132627
ice rink,21960139,67370894,99998021,578736505,1676628548,2186132627,2356540937
ice skating,324493801,2186132627,2356540937
ice,108431851,484874091,515275322,2114455772,2283702576
iceberg,484874091
illustration,377110577,1127188742,1222635056,2110331074,2236196478,2259974631
indigo,3967833,566054234
indoor,437980,2403211,3967833,5221451,6777346,10546690,12420828,19789346,20272509,20422315,22548446,23801527,25367430,27058497,31663680,33553379,33650833,34302694,35651509,35967165,39729521,39776088,50923571,52845589,53083382,54737343,56090224,56305749,56638869,59651013,60688985,61759110,61859916,62400997,62636966,64429050,67711312,68916290,68949521,79205313,83758905,89581032,91272996,97376056,101772059,101986983,103819966,104744249,108020290,108292790,112836544,114960755,117721061,118045075,119325238,123893403,129158340,132041693,134448169,134856876,138007277,139296556,139392627,141710977,147343105,149036438,156792719,158078339,159638079,160396221,160938976,161991439,162580564,163692171,164236783,164961282,174030514,174155112,174981993,177712205,178417990,180830060,188713514,189546443,193117490,194076081,195575666,196142202,197776821,201616306,203104600,206657657,207628062,212181873,217354449,222070781,222896958,225213339,226098518,226567135,227473537,230701555,231999516,232944653,233948412,234665196,236950465,246277037,246991981,250156458,250290549,250982555,254551354,255793284,256079734,256481980,274715099,277124651,283554318,290261739,292425207,295654391,296234793,301555664,302914920,303904878,307925769,308744580,314687215,314807877,315958029,318193268,319353422,319819166,323492481,324493801,326302104,328919148,334603571,335748822,338637018,339486635,341286581,343621901,348386912,351668053,351943942,355344781,359124818,368673634,370040028,375410166,375873824,377110577,378940204,383302597,387882538,388179348,393728691,395513809,398542073,398702082,401816244,402960908,410076131,413640971,424828032,425694628,432291866,441013560,441314726,443651623,444467906,447527802,447711186,450818966,450967075,454076636,454400143,454430049,459006266,463307696,465039380,466791817,467548049,472512517,475149605,480049562,480094128,483001795,486346117,490365797,491889251,492875246,493393150,495795652,500104764,502140422,519572102,525330841,527356267,529193485,533991860,534261652,535213765,536152909,536415654,536847521,540248127,559705981,570689434,651684781,652544665,683380795,773945830,776447843,781310418,804373104,822126720,829331056,831753444,840454936,841700952,843627310,846456724,854576181,873156042,874507990,908491879,931510047,992112800,1016986626,1024188586,1025374104,1063634217,1106267631,1165872043,1170274220,1200848438,1222635056,1243630420,1277057545,1294096497,1302443986,1314062829,1330940996,1342668421,1347431067,1357088188,1387130140,1409408986,1411776662,1428413880,1438166770,1438848377,1439315442,1450804491,1456818078,1458681740,1468959634,1469366442,1474771336,1505011270,1509715771,1517447716,1517561195,1556618468,1566922226,1572582174,1573710879,1620305433,1667688840,1679837512,1720989606,1734657282,1743180856,1753948666,1788107777,1796994979,1799940010,1803080543,1827509314,1858109134,1895114393,1935359867,1990704452,2006779634,2036890139,2041228174,2045011864,2046122211,2051991129,2056910050,2061249534,2065021681,2072190925,2074502993,2081512079,2082961727,2096124845,2097785540,2099616406,2101885074,2110331074,2110644836,2115702396,2122086628,2123758726,2135034432,2136127470,2146912101,2148474761,2166700650,2168597528,2169531875,2174269902,2175267495,2183357389,2186132627,2191036404,2208676703,2208780129,2214493426,2217043099,2218308631,2221637125,2223060962,2223154116,2223608159,2223650300,2236196478,2237692935,2243919667,2247402262,2248222148,2250855125,2250902377,2253537883,2259584763,2259974631,2268559784,2282612229,2289940012,2296692471,2296741507,2297552664,2304544531,2305819628,2307558961,2320238326,2327509867,2332868796,2345139837,2358789431,2362125100,2365232528,2368715326,2377503745,2385097308,2390282464,2394119794,2394637249,2398726235,2413732894,2418950445,2420466292,2424220309,2428944358,2440707117,2443127728,2443350177,2448678869,2451591594,2453206122,2458792895,2464774540,2476694118,2477795310,2488358847,2494616221,2495149330,2497918073,2498375715,2502286216,2511847993,2517875595,2519376735,2529026512,2529731713,2534352864,2534706676,2540092049,2542447344,2552124532,2552465608,2553630504,2559202659,2559486248,2565472747,2566561267,2570491575,2578705815,2582403656,2583981291,2603677513,2606755505,2606834289,2609189584,2623956833,2628117802,2631456064,2632327798,2633493920,2635210579,2640584180,2644710393,2647865284,2649097142,2650069179,2650599073,2653796424,2655357973,2656575945,2663516522,2665463520,2676433445,2676516865,2682441405,2683005836
infrastructure,3210593,15512694,21960139,205253711,229952562,335083857,390982196,544107749,1268929741,1386327355,1570654910,1668116260,2308879577,2454453313
insect,275026332,285239814,314799196,1389838651,1810040098,2355438226,2578876990
interior door,62636966,2418950445,2647865284
intersection,135800660,228110201,428700428,732739676,2475435786
jamb,62636966,2418950445
jeans,1972856039
jellyfish,3967833,537124826,2505408698,2534706676
jet,265139537,409263528,2578876990
jetliner,409263528,2578876990
jockey,234884663,1525128476,2343113638
judo,324493801,2540092049
jumbo jet,409263528
jump,240592520,846456724,1355840353,2229568558,2443066697
jungle gym,77131556,2289823014,2643859051
kachina,544326859,1796994979,2304386842,2683005836
kangaroo,228903290,2115702396
kayak,1813759848
kitchen table,112836544
kitchen ware,2403211,5221451,35967165,89581032,114960755,180830060,227473537,377110577,2413732894
kite,65629091
kitten,308744580,492875246,846456724,1063634217,2424220309
knapweed,2514912572
knife,1439315442
knit,1439315442,1895114393,2101885074,2358789431,2635210579
knitting,56638869,1439315442,1895114393,2101885074,2358789431,2394637249,2635210579
knitwear,1439315442
labrador,292841088,2394119794,2416893376
lacrosse,384380510,2081012324
lake,28532796,37119005,67370894,91047082,128371728,148744699,275804646,282069800,291412821,292587305,305448528,418009853,594668974,799752875,877654076,898137360,1394839359,1992410649,2111400646,2245527300,2327911806,2392139318,2449493239,2513775099,2589840368
lakefront,37119005,67370894,91047082,148744699,282069800,292587305,305448528,418009853,594668974,799752875,1394839359,1992410649,2111400646,2245527300,2356540937,2449493239,2513775099,2589840368
lamp,89581032,177712205,441013560,536415654,918276103,2181444610,2418950445,2647865284
lamppost,149134763,228110201,918276103,1229709083,2205107328
lampshade,89581032,441013560,2181444610,2418950445,2647865284
landscape,3210593,10349991,19712711,26494525,28532796,37119005,47389788,50832395,54914084,66135148,67370894,82417102,87725392,91047082,125981463,128371728,146227215,147565285,148744699,151430421,154161621,164086512,172348354,197428570,209402727,231684894,252792523,259939989,260695923,275804646,278557389,282069800,282169809,288671977,291412821,292587305,295234584,305448528,307415145,318328404,319707746,346464074,360197603,380790739,399080876,402859487,409032354,418009853,446454959,448522903,452354422,457651143,464685163,471784688,480758963,484874091,487277798,493056889,494948440,495691045,504292712,504890452,512789590,515275322,520014581,520811124,522875401,532215989,537136558,544476206,594668974,644134331,656627380,773998281,799752875,807932364,852632936,877654076,884252649,898137360,916960197,958779370,1103677200,1201025109,1209992097,1268929741,1394839359,1399333635,1430725965,1506213511,1571381986,1618204856,1641261390,1668116260,1795217965,1845784934,1922179859,1966821285,1992410649,2035796670,2036724200,2052053410,2084551032,2087662059,2091230502,2098314512,2111400646,2116963331,2122560341,2167066190,2168731861,2181444610,2207071300,2211031002,2231570854,2233047334,2238973557,2245527300,2283702576,2292797583,2304885383,2308902813,2327911806,2336942741,2355438226,2356540937,2370430294,2389896984,2392139318,2392255040,2396601647,2405558850,2413884286,2417974350,2431243999,2449493239,2468501285,2471776337,2475435786,2493089986,2497840790,2505578061,2513775099,2514912572,2531497427,2545607265,2583478083,2586304090,2589840368,2594826180,2615143902,2646016308
lantern,536415654,918276103
laptop,840454936,2250855125,2676433445
latch,1509715771
leaf,13903837,30123514,37852375,153189577,206308870,389129848,2259974631,2414752710,2464052714,2571982959
lecanora,2101219909,2571982959
lectern,432291866
lecture hall,160938976,189546443,841700952,1935359867
lego,50923571,2325193674
library,118376111,2289940012,2643859051
lichen,2101219909,2512388670,2571982959
light painting,3967833,52288355,61859916,230701555,441013560,2534706676,2561406275
light,135800660,168962606,230701555,329549489,342393290,441013560,495795652,536415654,566054234,652544665,1076009973,1200848438,1556618468,2036724200,2418950445,2647865284
lighthouse,1394839359,2122560341
lines,6777346,61859916,98825736,148071292,205253711,250290549,401816244,992112800,1049921616,1340384120,1440160335,2418950445
lingerie,12223899
lion,228903290
lioness,115904878,228903290
lock,206952130,1509715771
locomotive,2133605412,2308879577,2370108583
loft,2051991129
lounge,402960908,424828032,1200848438,1803080543,2268559784,2550222285,2570491575
lunar,52288355,732233143,1678854254,2281241280,2561406275
lynx,1063634217
macaque,499246847
macro,6777346,7284581,30123514,37852375,74281721,119325238,123893403,153189577,197645498,230701555,285239814,314799196,1027505935,2223154116,2355438226,2462118825,2464052714,2512388670
magazine,2062040,243359346,1620305433,2236196478,2495149330
magenta,67711312,112510590,153189577,2462118825,2514912572
mainmast,63676031
makeup,2305819628
mangrove,164086512,260695923
manor,366370800,448522903,1195771989,2031226762
mansion,272975702,364636751,366370800,448522903,1195771989,1977489284,2031226762,2637513972,2656493496
mantel,75780574
map,1434150232,2110331074,2122086628
maple,206308870,818507671
marathon,181768314,188476505,189023503,245351833,1393910316,2579943281,2642424285,2654599844
marina,21960139,1268929741
maroon,153189577,230701555,1357088188,2101885074,2296692471
masonry,13903837,28691389,86556030,116773275,206952130,215141280,316316942,448522903,1049921616,1864826018,2372887589,2471776337
meadow,452354422,464685163,494948440,807932364,1209992097,1966821285,2355438226,2514912572,2531497427,2545607265
meal,22548446,61759110,68949521,101986983,180830060,227473537,250156458,1322006458,2061249534,2297552664,2448678869,2451591594
meeting room,160938976,189546443,841700952,2051991129,2250855125,2570491575
memorial,9518155,28691389,191684963,195542406,240592520,360584980,476892436,512886613,541290583,700836520,918276103,2285508750,2589523539,2653105539
mezzanine,1386327355,2051991129,2565472747
microprocessor,781310418
military officer,44571479,247359819
military vehicle,265139537,423397614,2513775099,2550393562,2578876990
minimalism,6777346,342393290,432291866,560215072,2281241280,2397482849,2418950445
mist,108431851,452354422,898137360,1823368317,2087662059,2292797583,2304885383
mixed drink,1200848438
mizzenmast,63676031
monitor,23801527,302914920,566054234,781310418,2676433445
monkey,228903290,499246847,718836924,1015976208,2090361277,2281040237
monochrome,2062040,56305749,156647437,158078339,174155112,205253711,226098518,234665196,250290549,276172787,304327768,306954629,315958029,361084643,380790739,421393562,435507461,436893754,530494258,555333733,732233143,829331056,1173989741,1222635056,1466365567,1525128476,1679837512,1810040098,2065021681,2223154116,2237692935,2339337138,2398726235,2534352864,2561406275,2570407932,2589523539,2608659008,2609189584,2631456064,2646837610,2656999940
monument,173673622,191684963,240592520,476892436,541290583,672007602,700836520,918276103,2285508750,2653105539
moon,52288355,732233143,1678854254,2281241280,2561406275
mosaic,2147844654
motel room,20272509,222896958,2647865284
motor,44879802,388179348,1025374104,2133605412
motorcycle,44571479,44879802,160046625,1394504558,2229568558,2600958754
mountain bike,1394504558,2412294847,2600958754
mountain peak,26494525,346464074,399080876,484874091,852632936,916960197,1618204856,2035796670,2098314512,2283702576,2405558850
mountain ridge,26494525,484874091,1618204856,2098314512,2283702576,2405558850
mountain,19712711,26494525,37119005,172348354,197428570,252792523,259939989,278557389,282169809,305448528,318328404,346464074,399080876,409032354,446454959,457651143,480758963,484874091,515275322,532215989,544476206,807932364,852632936,884252649,916960197,1268929741,1394839359,1430725965,1618204856,2035796670,2098314512,2111400646,2231570854,2238973557,2283702576,2389896984,2405558850,2431243999,2493089986,2615143902,2646016308
mountainside,3210593,19712711,26494525,87725392,151430421,172348354,252792523,259939989,278557389,282169809,305448528,318328404,346464074,399080876,402859487,446454959,457651143,480758963,484874091,520811124,594668974,644134331,656627380,807932364,852632936,884252649,916960197,1268929741,1430725965,1618204856,2035796670,2098314512,2168731861,2233047334,2283702576,2389896984,2405558850,2431243999,2493089986,2583478083,2615143902,2646016308
mushroom,197645498
music,3967833,13860387,20422315,44571479,56305749,59651013,67711312,101772059,106198869,141710977,144613684,160396221,164961282,177712205,247359819,277124651,287081470,295572853,339486635,375410166,398702082,401816244,450967075,463307696,466791817,519572102,536415654,536847521,566054234,603180536,651684781,714321125,1474771336,1505011270,1556618468,1594279840,1734657282,1788107777,1803080543,2119342539,2243274082,2248582704,2289823014,2296692471,2345395075,2443127728,2448600609,2476694118,2519376735,2534352864,2553630504,2634080580,2676516865
musician,56305749,106198869,141710977,277124651,427048070,466791817,533991860,536415654,651684781,714321125,1594279840,1734657282,2383824088,2553630504,2676516865
nail polish,534261652
nature,3210593,4628485,7284581,7985241,10349991,13434548,13903837,19712711,25227750,26494525,27946907,28532796,28691389,30123514,37119005,37852375,47389788,49920094,50832395,52288355,54914084,66135148,67370894,77131556,82417102,87725392,89160188,89467346,91047082,103819966,112510590,119325238,125981463,128371728,129616873,146227215,147565285,148071292,148744699,149134763,151430421,153189577,154161621,162105376,164086512,170032039,172348354,180830060,197428570,197645498,206308870,209402727,228903290,231684894,234874425,252792523,253668016,256893058,259939989,260695923,275804646,276172787,278557389,282069800,282169809,288671977,291412821,292587305,292818330,295234584,305448528,307415145,308472191,314443186,318328404,319707746,322966990,346464074,351943942,358345320,360197603,364636751,377787113,380161812,380790739,389129848,394361925,395513809,399080876,402859487,409032354,415234289,418009853,428700428,446454959,446779620,448522903,452354422,457651143,463849591,464685163,471784688,480075794,480758963,484874091,487277798,493056889,494948440,495691045,504292712,504890452,512789590,515275322,520014581,520811124,522875401,532215989,537124826,537136558,544476206,581298522,587592290,594668974,644134331,656627380,718836924,727940317,732233143,732739676,773998281,799752875,807932364,818507671,852632936,877654076,884252649,898137360,916960197,944894723,958779370,992112800,1027505935,1103677200,1197565041,1201025109,1209992097,1260535289,1268929741,1360923684,1387253973,1389838651,1394308489,1394839359,1399333635,1403862147,1411776662,1430725965,1506213511,1521061329,1526506817,1560971808,1571381986,1618204856,1641261390,1668116260,1678854254,1795217965,1845784934,1861541821,1922179859,1966821285,1992410649,2020310926,2035796670,2036724200,2052053410,2084551032,2087662059,2090361277,2091230502,2098314512,2101219909,2111400646,2116963331,2122560341,2167066190,2168731861,2181444610,2200474822,2207071300,2211031002,2226386065,2231570854,2233047334,2238973557,2245527300,2259974631,2281241280,2283702576,2292797583,2304885383,2308902813,2327911806,2336942741,2355438226,2356540937,2370430294,2389896984,2392139318,2392255040,2396601647,2405558850,2412294847,2413884286,2414752710,2417974350,2431243999,2446186051,2449493239,2460946529,2462118825,2462317092,2464052714,2468501285,2471776337,2475435786,2493089986,2497840790,2505408698,2505578061,2512388670,2513775099,2514912572,2531497427,2532123147,2545607265,2552465608,2561406275,2571982959,2580962476,2583478083,2586304090,2589840368,2594826180,2613697704,2615143902,2646016308,2653105539
needlework,56638869,1439315442,1895114393,2101885074,2358789431,2394637249,2635210579
neon light,3967833,35893120,61859916,168962606,230701555,441013560,2296741507,2534706676,2630872539
new england aster,2514912572
newel post,398702082,2296692471
night,135800660,136000128,243586043,357595787,421393562,652544665,2134777863,2263442987,2416627028
nissen hut,2570407932,2626755673
noseband,182858550,2343113638
notebook,293922559,1434150232
oak,818507671
oar,1813759848
obelisk,218812458,541290583,1980640826
ocean floor,394361925,463849591,2226386065,2505408698,2552465608
ocean liner,6292826
ocean,37119005,91047082,418009853,495691045,773998281,799752875,898137360,1394839359,2111400646,2116963331,2396601647,2468501285,2497840790
office furniture,132041693,162580564
office,160938976,2250855125
oil lamp,441013560
onion dome,251666801
open air market,22548446,1322006458,1349034874,1393910316,2091230502,2581206045
orchid,2355438226
organ instrument,398702082,1474771336
organ loft,398702082,1474771336,2443127728
organic pattern,7284581,119325238,129616873,153189577,197645498,234874425,307415145,581298522,2462118825,2462317092
ostrich,292818330
otter,2072169564
outcrop,47389788,252792523,346464074,399080876,884252649,1394839359,2098314512,2238973557,2413884286
outdoor sport,25960998,384380510,2081012324,2297351718,2343113638,2623831369
outdoor,2062040,3210593,3547950,4628485,5395668,6292826,7985241,8593255,9518155,10349991,10420671,12229282,12628783,13434548,13860387,13903837,15512694,19580877,19712711,20089623,20310093,21917292,21960139,22548641,25227750,25960998,26494525,28532796,28691389,30123514,35333717,35762076,37119005,37852375,38207846,44879802,47389788,48068449,48766933,49920094,50832395,50880267,52288355,54796426,54914084,55277230,55890307,62321143,62899504,63676031,65629091,66135148,67370894,71832300,71856284,74181310,74281721,75780574,77081859,77131556,78498120,82417102,83964996,86556030,87514671,87725392,89160188,89467346,91047082,105840289,107273388,107578213,112510590,112636310,112957702,115904878,116773275,118196004,118376111,125167047,125981463,127015590,128371728,129616873,130991928,134600011,135056214,135800660,136000128,136810587,137738702,138230254,143671410,144719944,146227215,146525965,147565285,148071292,148744699,149134763,149980782,150545347,151430421,153189577,154161621,156647437,158565871,160046625,160927672,162105376,162865287,163166337,164086512,170032039,171174092,172348354,178238583,181768314,182554302,182858550,182937063,183352786,185202578,188476505,189023503,191684963,191901635,195542406,197428570,197645498,198632766,201038875,205253711,205277465,206308870,206952130,209402727,210227795,211564934,212002963,214710233,215141280,218812458,222905276,225023373,226319588,226389285,227874761,228110201,228903290,229952562,231323035,231684894,234874425,234884663,240592520,241248152,241858006,243586043,244375463,245351833,247359819,251666801,252792523,253123505,253668016,256893058,259939989,260695923,265139537,272975702,275804646,276172787,278557389,279571969,282069800,282169809,282982546,288671977,289902800,291412821,292587305,292818330,292841088,295234584,300573511,303423934,304327768,305448528,305511214,306954629,307415145,308472191,312383711,314443186,314799196,318328404,319707746,322966990,335083857,339789508,342393290,345812500,346464074,358345320,360197603,361955166,363939697,364636751,366370800,377787113,380161812,380790739,382314821,384380510,386613768,389129848,389751886,389937584,390578105,390982196,394361925,397758914,399080876,402859487,409032354,409263528,413409378,415234289,418009853,418024333,421393562,425747301,428700428,434139584,434791367,435507461,438016454,443954065,446454959,446779620,448522903,451484067,452354422,457651143,460819311,461032134,463849591,464685163,466201180,471784688,476892436,477323220,480075794,480758963,484874091,487277798,489487156,493056889,494948440,495691045,499246847,504292712,504890452,512789590,512886613,514358051,515275322,517263448,520014581,520811124,522875401,525307874,527623156,532215989,537136558,541290583,544107749,544476206,558562520,572285935,578736505,581298522,585488899,587592290,588715640,594668974,637430652,644134331,653052562,656627380,657677433,672007602,700836520,702832899,706313534,718836924,727940317,732739676,735335443,756983622,773998281,799752875,807932364,813977099,818507671,829895237,830075810,852632936,868427203,877654076,881288077,884252649,885226770,885954576,888347376,898137360,906329962,916960197,918276103,942953185,943609424,944894723,948229473,958779370,1000313085,1014171498,1015976208,1027505935,1030034142,1041659293,1051066903,1082559243,1100140841,1103677200,1104179320,1128145562,1168053038,1173989741,1195771989,1197565041,1201025109,1209992097,1229709083,1260535289,1268929741,1332460038,1334212987,1340384120,1355840353,1358002180,1360923684,1381645799,1386327355,1387253973,1389838651,1393910316,1394308489,1394839359,1399333635,1403862147,1421804583,1430725965,1434150232,1435190349,1440160335,1447320003,1461281806,1464544337,1506213511,1520547918,1521061329,1525128476,1526506817,1560971808,1570654910,1571381986,1579077813,1618204856,1634795058,1641261390,1668116260,1676628548,1678854254,1732276605,1795217965,1802438894,1810040098,1813759848,1817686379,1823368317,1845784934,1861541821,1864826018,1922179859,1966821285,1972856039,1977489284,1980640826,1992410649,2020310926,2030760456,2031226762,2032193286,2035796670,2036724200,2052053410,2052510306,2057122004,2069710899,2069787660,2072169564,2081012324,2084193596,2084551032,2087662059,2090361277,2091230502,2098314512,2101219909,2111400646,2116963331,2118922555,2119342539,2122560341,2130815450,2133605412,2140150123,2142700172,2147844654,2148027767,2156986834,2157271939,2157455642,2158603848,2163552376,2164006612,2167066190,2168731861,2179381044,2181444610,2181985569,2187969732,2200474822,2205107328,2206311719,2207071300,2211031002,2226386065,2229568558,2229589557,2230006563,2231570854,2233047334,2233062143,2238973557,2240848300,2243274082,2245527300,2257970455,2260134427,2264038075,2264268311,2270112800,2281040237,2283702576,2285508750,2286686730,2289823014,2290248747,2292797583,2297351718,2301402444,2304885383,2308879577,2308902813,2327911806,2336543667,2336942741,2339337138,2343113638,2347604657,2355438226,2356540937,2357757234,2362513116,2367555334,2369194367,2370108583,2370430294,2372887589,2378355677,2379904195,2382193322,2383824088,2386910894,2387964405,2388491692,2389896984,2392139318,2392255040,2396601647,2405558850,2407469504,2409783581,2412294847,2413884286,2414752710,2416893376,2417974350,2431243999,2443066697,2446186051,2449493239,2454453313,2460946529,2461754746,2462118825,2462317092,2463834526,2464052714,2467224573,2468501285,2470568556,2471776337,2471981001,2475435786,2485607821,2485731733,2486003770,2486911197,2491014856,2493089986,2493143932,2497840790,2500836783,2501578810,2505578061,2512388670,2513775099,2514912572,2520895002,2531497427,2532123147,2532621313,2537068619,2539458497,2540939944,2541210546,2541917242,2542500818,2545607265,2550393562,2550467364,2551056585,2553341619,2561225223,2569904727,2570407932,2571208920,2571982959,2578876990,2579943281,2580962476,2581206045,2583478083,2586304090,2588642347,2589523539,2589840368,2592611628,2594826180,2600958754,2603441011,2604637707,2605631921,2608659008,2610912852,2613697704,2615143902,2615656261,2623164681,2623831369,2626755673,2627541699,2632108654,2633833076,2636113799,2637513972,2642168791,2642424285,2643859051,2646016308,2649692521,2653105539,2654599844,2656493496,2656999940,2663958891,2666041506
outfit,10420671,44571479,64429050,164961282,277124651,295572853,450967075,519572102,651684781,714321125,885954576,1556618468,1679837512,1720989606,1803080543,1935359867,2345395075,2377503745,2411335934,2448600609,2476694118,2519376735,2634080580
overcast,20310093,241248152,306954629,446779620,1229709083,1394308489,1394839359,2087662059,2223154116,2304885383,2355438226,2608659008
overpass,128371728,390982196,504890452,530089603,2032193286,2308879577
oyster mushroom,197645498
paddle,1813759848
paddy,464685163,2531497427
painting,1349034874,2236196478
palace,19580877,48766933,67370894,136000128,251666801,448522903,1403061248,1977489284
pale yellow,7284581
palm tree,307415145,727940317,1360923684
panda,210227795,1732276605
panicle,581298522,2462317092
pantheon,2148027767
pants,1972856039,2367555334
paper,437980,302914920,395513809,1434150232,2122086628,2358789431
parade,1393910316
parasail,154161621
park bench,54914084,2592611628,2605631921
park,54914084,128371728,276172787,364636751,380161812,452354422,487277798,1103677200,2292797583,2308902813,2531497427
passenger ship,6292826
pasta salad,2297552664
pasta,2297552664
pastel,7284581,119325238,395513809,2142700172,2362125100
pasture,26494525,87725392,172348354,278557389,319707746,457651143,464685163,544476206,807932364,884252649,2531497427,2545607265,2646016308
patchwork,437980,843627310,2358789431
path,2062040,12628783,54914084,107578213,148071292,205253711,228110201,443954065,756983622,942953185,1103677200,1972856039,2052053410,2098352140,2211031002,2292797583,2365232528,2417974350,2532621313,2594826180
pattern,6777346,7284581,25367430,61859916,89581032,119325238,129616873,153189577,197645498,206952130,234874425,307415145,382314821,395513809,581298522,992112800,2236196478,2358789431,2462118825,2462317092,2571982959
pavilion,34302694,2091230502,2626755673
pedestal,9518155,28691389,191684963,240592520,2304386842
pedestrian crossing,107578213,228110201,756983622
pediment,20089623,38207846,48766933,75780574,137738702,215141280,478673201,480758963,943609424,1977489284,2187969732,2285508750,2362513116,2656493496
penguin,451484067,2392255040
people,10546690,20422315,33553379,35893120,44571479,53083382,56305749,70978801,83758905,91272996,101772059,104744249,106198869,112836544,123658774,140624896,141710977,156792719,160396221,161991439,164961282,174155112,178417990,181768314,189023503,189546443,192922734,194076081,206657657,217354449,225163412,226098518,226389285,231999516,232944653,233948412,245351833,247359819,250982555,251351566,252782119,256079734,277124651,290261739,292841088,295572853,296234793,307925769,338637018,343621901,345812500,351668053,378940204,383302597,389751886,393728691,413640971,427048070,432274444,443651623,444467906,446410857,450818966,454400143,454430049,466791817,480094128,490365797,491245307,500104764,517263448,519572102,529193485,533991860,536415654,540248127,555333733,559705981,651684781,714321125,735461123,822126720,829331056,830075810,873156042,881288077,885954576,886204220,888347376,1024188586,1041659293,1104179320,1128145562,1140339335,1243630420,1322006458,1334212987,1347431067,1381645799,1438848377,1447320003,1458681740,1463301413,1466365567,1469366442,1505011270,1509822104,1520547918,1521061329,1530495528,1565244900,1566922226,1594279840,1676628548,1734657282,1858109134,1935359867,2041228174,2045011864,2091230502,2097785540,2099616406,2135034432,2148474761,2206311719,2208780129,2223060962,2223154116,2250855125,2289823014,2289940012,2305819628,2320238326,2345139837,2378355677,2383824088,2394119794,2398726235,2411335934,2424890937,2428944358,2438519654,2453206122,2458792895,2470568556,2476694118,2486003770,2494616221,2497918073,2511847993,2529731713,2531693127,2551056585,2553630504,2606834289,2633493920,2634080580,2642424285,2654226745,2656575945,2663047018,2665463520,2676516865
percussion instrument,277124651,287081470,466791817,651684781,1734657282,2243274082,2248582704,2289823014
performer,20422315,35893120,56305749,70978801,101772059,106198869,141710977,160396221,164961282,194076081,277124651,295572853,427048070,432274444,466791817,519572102,533991860,536415654,540248127,651684781,714321125,735461123,1505011270,1530495528,1594279840,1676628548,1734657282,1858109134,2045011864,2208780129,2223060962,2383824088,2476694118,2553630504,2676516865
pet,31663680,55277230,129158340,210227795,228903290,292841088,308744580,410076131,480075794,492875246,776447843,846456724,873156042,1063634217,1387130140,1732276605,2115702396,2394119794,2416893376,2424220309,2487505095,2632327798,2635210579,2656999940
petal,112510590,153189577
petiole,389129848
petunia,7284581,153189577
pew,398702082
phlox,153189577
photo border,37852375,314799196,323492481,2282612229,2308902813,2386342545,2398726235
photomicrograph,108431851
piaffe,234884663,1525128476,2343113638
piano,59651013,67711312,164961282,177712205,536415654,2296692471,2448600609,2553630504
picture frame,292425207,293922559,361084643,2236196478
pier,21960139,34057154
pine,409032354,2446186051
pinetum,2594826180
pink flower,112510590,153189577
pink,4628485,112510590,153189577,162105376,395513809,2462118825,2462317092
pinniped,1571381986,1787169940,2072169564,2370430294,2386342545
piste,318328404,484874091,515275322,2283702576,2389896984
pistil,119325238
plain,26494525,87725392,147565285,275804646,278557389,319707746,418009853,464685163,471784688,544476206,958779370,1795217965,2336942741,2417974350,2531497427,2545607265
plant,4628485,7284581,7985241,13903837,25227750,27946907,28691389,30123514,37852375,49920094,54914084,77131556,82417102,89160188,89467346,103819966,112510590,119325238,129616873,149134763,153189577,162105376,164086512,170032039,180830060,197645498,206308870,209402727,234874425,253668016,260695923,278557389,295234584,307415145,314443186,319707746,322966990,351943942,358345320,360197603,364636751,377787113,389129848,395513809,409032354,415234289,428700428,446779620,452354422,464685163,480075794,494948440,512789590,522875401,537136558,581298522,594668974,656627380,718836924,727940317,807932364,818507671,916960197,944894723,992112800,1027505935,1103677200,1197565041,1209992097,1260535289,1360923684,1387253973,1394308489,1403862147,1411776662,1526506817,1678854254,1922179859,2020310926,2181444610,2200474822,2211031002,2233047334,2259974631,2292797583,2308902813,2336942741,2355438226,2414752710,2446186051,2460946529,2462118825,2462317092,2464052714,2512388670,2514912572,2531497427,2532123147,2545607265,2571982959,2580962476,2594826180,2613697704,2615143902,2653105539
plaque,1434150232,1634795058
plate,35967165
playground,885954576,2643859051
pointed arch,38207846,183352786,1474771336,1977489284,2072190925,2362513116
poker plant,2462118825
polo,182858550,234884663,1525128476,2030760456,2343113638
pond,164086512,288671977,292587305,1845784934,2087662059,2167066190,2531497427
poodle,1387130140
pool cue,2168597528,2566561267
pool table,2168597528,2566561267
pool,735335443,1000313085,2633833076
porch,54914084,174981993,1386327355,2163552376,2327911806,2643859051
portable computer,840454936,2250855125,2676433445
porthole,251351566,1294096497,1391694851
portico,20089623,38207846,672007602,1977489284,2072190925,2362513116,2440647074
portrait,53083382,174155112,226098518,383302597,443651623,450818966,490365797,491245307,881288077,1140339335,1458681740,1466365567,1469366442,1530495528,1565244900,2041228174,2045011864,2099616406,2378355677,2398726235,2458792895,2497918073,2529731713
post,149134763,228110201,398702082,918276103,1014171498,1229709083,2181985569,2205107328,2296692471,2301402444
poster,36220602,1464544337,2110331074,2119342539,2236196478,2259584763,2495149330
potted plant,180830060,415234289
potter's wheel,1334212987
power line,5395668,1229709083
primate,228903290,499246847,718836924,1015976208,2090361277,2281040237
print,2147844654,2236196478
printed circuit board,162580564,1025374104
puppy,292841088,410076131,1387130140,2394119794,2416893376
purple heather,2615143902
purple,3967833,67711312,89160188,103819966,153189577,234874425,382314821,494948440,566054234,1895114393,1966821285,2118922555,2223650300,2259974631,2462118825,2514912572,2676516865
pylon,5395668,7985241
quilt,61759110,243359346,2236196478
rabbit,480075794,776447843,2115702396
race car,44879802,158565871,756983622,2069710899,2157271939,2237963647,2553341619,2654599844
racing,44879802,158565871,234884663,245351833,587592290,756983622,1358002180,2091230502,2237963647,2343113638,2356540937,2539458497,2589840368,2600958754
radiogram,306954629,2223154116
raft,644134331
rafter,158224252,401816244
railroad track,21960139,148071292,205253711,942953185,2308879577,2471776337
railroad,21960139,148071292,205253711,942953185,2133605412,2207071300,2308879577,2471776337
rain,108431851,243586043
rainbow,138230254,1394308489,2032193286,2036724200,2630872539
rampart,3210593,19712711,191901635,282169809,448522903,541290583,1403061248,1864826018,1980640826,2156986834,2230006563,2372887589,2550467364,2627541699,2637513972
reading lamp,177712205,2647865284
red panda,210227795
red,49920094,65629091,67711312,89581032,112510590,153189577,230701555,323492481,493393150,931510047,1357088188,2101885074,2200474822,2296692471,2368715326,2462317092,2630872539
reddish brown,13903837,86556030,206952130
reef,256893058,394361925,463849591,773998281,799752875,2505408698
reliquary,398702082,2304386842,2443127728
reptile,25367430,526628045,1369125592,2090361277,2118922555
reservoir,28532796,37119005,128371728,148744699,275804646,292587305,305448528,594668974,799752875,877654076,898137360,1668116260,1992410649,2111400646,2449493239
resort,28532796,222896958,424828032,637430652,706313534,868427203,958779370,1195771989,2327911806,2605631921
restaurant,370040028,402960908,424828032,2136127470,2570491575
rhinoceros,1861541821
ridge,19712711,26494525,28532796,37119005,47389788,172348354,259939989,282169809,305448528,318328404,346464074,399080876,446454959,484874091,594668974,656627380,852632936,884252649,916960197,1268929741,1618204856,2098314512,2111400646,2283702576,2389896984,2405558850,2431243999,2468501285,2493089986,2615143902,2646016308
riding,234884663,525307874,958779370,1525128476,1579077813,1841900509,2030760456,2343113638,2605631921,2633833076
rim,1394504558
river,37119005,252792523,288671977,291412821,292587305,305448528,399080876,493056889,504292712,594668974,656627380,898137360,1845784934,2052053410,2084551032,2111400646,2413884286,2583478083
riverbank,37119005,67370894,282069800,288671977,291412821,292587305,305448528,402859487,504890452,522875401,537136558,594668974,799752875,898137360,1394839359,1641261390,1668116260,1845784934,1992410649,2111400646,2167066190,2356540937,2449493239,2589840368
riverbed,37119005,252792523,288671977,291412821,292587305,305448528,399080876,493056889,504292712,594668974,656627380,898137360,1845784934,2052053410,2084551032,2111400646,2413884286,2583478083
road,20310093,74181310,99998021,135800660,137738702,144613684,228110201,275804646,282169809,390982196,428700428,544107749,657677433,732739676,942953185,1268929741,1430725965,2036724200,2157455642,2207071300,2290248747,2417974350,2475435786,2532621313,2627541699
rock climbing,47389788,1100140841
rock formation,47389788,252792523,346464074,399080876,884252649,1394839359,2098314512,2238973557,2413884286
rock wall,252792523,2471776337
rock,13434548,47389788,148071292,252792523,288671977,346464074,394361925,399080876,732739676,884252649,1394839359,1571381986,2098314512,2238973557,2413884286,2497840790,2571982959
rodent,410076131,776447843,2512388670
roller coaster,15512694,205253711,2608659008
roller skate,70978801
roller skating,70978801,181768314,188476505,2485731733
roman arch,2156986834,2362513116,2440647074
roof,86556030,127015590,137738702,205253711,215141280,251666801,363939697,480758963,558562520,906329962,2372887589,2580962476,2656493496
room light,441013560,2418950445,2647865284
room,3547950,20272509,23801527,60466077,60688985,61759110,68949521,75780574,83758905,112836544,118376111,160938976,189546443,222896958,232944653,250982555,290261739,322288178,328919148,348386912,378940204,402960908,424828032,425694628,706313534,841700952,1024188586,1200848438,1803080543,1935359867,2051991129,2163552376,2168597528,2250855125,2253537883,2268559784,2289940012,2296692471,2358789431,2385097308,2519376735,2550222285,2566561267,2570491575,2647865284,2649097142,2656493496
rose window,652544665,1474771336
rose,112510590,162105376,395513809,2464052714
rotor blade,265139537,2550393562
rotunda,1977489284
round arch,38207846,183352786,486346117,1391694851,1474771336,1977489284,2072190925,2362513116,2440647074
round,21917292,1411776662,2281241280
row house,137738702,272975702,435507461,657677433,2290248747,2656493496
rowing boat,1813759848,2539458497,2589840368
rowing,2356540937,2589840368
rugby,162865287,2081012324,2297351718
ruins,448522903
runner,181768314,182554302,188476505,245351833,495691045,1393910316,2623831369,2642424285,2654599844
running,181768314,182554302,188476505,189023503,245351833,495691045,1393910316,2579943281,2623831369,2642424285,2654599844
saddle horse,234884663,241858006,958779370,1525128476,2030760456,2343113638
safari,147565285,228903290,292818330,308472191,464685163,718836924,1861541821,2090361277
sail boat,63676031,98825736,154161621,799752875,877654076,1394839359,1560971808,1992410649,2240848300
saint bernard,410076131
salad bar,180830060,250156458,2061249534
salad,2297552664
sand,37119005,66135148,91047082,275804646,291412821,292587305,418009853,495691045,773998281,799752875,898137360,1201025109,1394839359,1506213511,1795217965,1992410649,2084551032,2111400646,2116963331,2356540937,2396601647,2449493239,2497840790,2589840368
sandbox,275967666,885954576,2592611628
sandwich,44904904,2451591594
sari,874507990
sashimi,2451591594
satellite,1678854254,2608659008
satin,395513809
saucepan,114960755
scallop,197645498
school bus,2157271939
scoreboard,2062040,192239539,198632766,523056300,1634795058,2603441011
scorpion,285239814
screen,781310418
screenshot,70095169,138007277,781310418,2119342539,2259584763,2357757234
screw,2362125100
scuba diver,3967833,2505408698
scuba diving,3967833,463849591,537124826,2505408698,2552465608
sculpture,28691389,174155112,191684963,240592520,395760605,476892436
sea anemone,130991928
sea lion,1571381986,1787169940,2072169564
sea otter,2072169564
sea trout,231323035
sea,394361925,587592290,1394839359,1560971808,2111400646,2116963331,2396601647,2468501285
seabird,451484067,2392255040
seal,1571381986,2072169564,2370430294,2386342545
seaside,10349991,28532796,37119005,91047082,154161621,275804646,282069800,291412821,292587305,418009853,495691045,520014581,594668974,773998281,799752875,898137360,1201025109,1394839359,1430725965,1506213511,1668116260,1795217965,1992410649,2036724200,2084551032,2091230502,2111400646,2116963331,2207071300,2231570854,2245527300,2356540937,2392139318,2396601647,2413884286,2449493239,2468501285,2475435786,2497840790,2505578061,2513775099,2589840368
seat belt,188713514,464994968,530089603,2529731713
semiconductor,781310418
serene,494948440
sewing machine,193117490
shed,98825736,260695923,1014171498,1340384120,2540939944
sheep,55277230,87725392
sheetrock,2418950445
shelf stacks,2296692471
shelf,75780574,328919148
shelter,34302694,127015590,164961282,461032134,480758963,2091230502,2181985569,2372887589,2570407932,2581206045,2626755673
ship,6292826,34057154,63676031,154161621,225023373,1229709083,1992410649,2051991129,2052510306,2296741507,2386910894,2513775099,2539458497
shipping container,1014171498
shirt,189023503,246991981,559705981,2065021681
shop,22548446,34302694,368673634,370040028,467548049,1322006458,1349034874,1393910316,1667688840,2061249534,2147844654,2157271939,2174269902,2208676703,2289940012,2581206045,2603441011
shore,10349991,28532796,37119005,66135148,91047082,125981463,154161621,275804646,282069800,291412821,292587305,305448528,319707746,399080876,402859487,418009853,495691045,504292712,512789590,520014581,594668974,773998281,799752875,877654076,898137360,1201025109,1394839359,1399333635,1430725965,1506213511,1668116260,1795217965,1992410649,2036724200,2084551032,2091230502,2111400646,2116963331,2207071300,2231570854,2245527300,2356540937,2392139318,2396601647,2413884286,2449493239,2468501285,2475435786,2497840790,2505578061,2513775099,2589840368
shorts,188476505,434139584,2642424285
showjumping,2030760456,2343113638,2605631921,2633833076
siamese cat,2424220309,2632327798
sidewalk,12628783,54914084,443954065,942953185,1972856039,2365232528,2532621313
sign,2062040,21917292,35333717,75780574,136810587,144719944,192239539,198632766,201038875,206952130,229952562,322288178,466201180,523056300,706313534,1127188742,1634795058,2119342539,2181985569,2187969732,2407469504,2454453313,2481521999,2553341619,2603441011,2654599844
signboard,2062040,35333717,144719944,192239539,198632766,201038875,322288178,466201180,523056300,1634795058,2119342539,2181985569,2187969732,2407469504,2481521999,2553341619,2603441011,2654599844
singlet,2642424285
skateboarding,70978801,240592520
skating,70978801,181768314,188476505,240592520,324493801,2186132627,2356540937,2485731733
skein,2635210579
sketch,293922559,377110577,560215072,1127188742,1222635056,2110331074,2606755505
skewer,2650599073
ski pole,318328404,2537068619
ski,318328404,484874091,515275322,2087662059,2283702576,2389896984,2537068619
skiing,318328404,2389896984,2537068619
skin diving,537124826,2505408698
skirt,2101885074
sky,20310093,148744699,156647437,292587305,306954629,585488899,1229709083,1394839359,2032193286,2036724200,2205107328,2245527300,2449493239,2608659008
skyline,20310093,218812458,241248152,357595787,514358051,588715640,1229709083,1980640826,2134777863,2608659008,2610912852
skyscraper,7985241,112636310,229952562,541290583,906329962,2164006612,2608659008
sledding,2389896984
sleeping,410076131,492875246,2632327798
slide,1888525126,2643859051
slope,3210593,19712711,26494525,37119005,47389788,67370894,87725392,151430421,172348354,252792523,259939989,275804646,278557389,282069800,282169809,288671977,291412821,292587305,305448528,318328404,346464074,399080876,402859487,446454959,457651143,480758963,484874091,504890452,520811124,522875401,537136558,544476206,594668974,644134331,656627380,799752875,807932364,852632936,884252649,898137360,916960197,1268929741,1394839359,1430725965,1618204856,1641261390,1668116260,1845784934,1992410649,2035796670,2098314512,2111400646,2167066190,2168731861,2211031002,2233047334,2283702576,2356540937,2389896984,2405558850,2431243999,2449493239,2468501285,2493089986,2583478083,2589840368,2615143902,2646016308
snack bar,22548446,61759110,180830060,250156458,1322006458,2061249534
snag,2594826180
snake,25367430,1369125592
snorkel,881288077
snow,108431851,209402727,318328404,360197603,446454959,484874091,515275322,2087662059,2114455772,2134777863,2142700172,2211031002,2229568558,2264268311,2283702576,2370430294,2389896984,2537068619,2571982959
snowbank,2087662059,2114455772
snowboard,318328404,2229568558,2389896984
snowdrift,484874091,515275322,2114455772
snowmobile,318328404,2389896984
soccer,162865287,342393290,384380510,1411776662,2081012324,2297351718,2623831369
sock,1439315442,2036890139
sofa,222896958
soldier,44571479,247359819
sorrel horse,182858550,2343113638
soup,227473537
spar,283554318,359124818,434139584,2540092049
speaker,1935359867,2250855125
speedskating,2186132627
spider orchid,2355438226
spider web,61859916,123893403,992112800
spinnaker,1560971808
sport,3967833,21960139,25960998,37119005,44879802,47389788,54796426,68916290,70978801,72261081,74181310,77131556,83758905,101772059,148071292,154161621,158565871,162865287,181768314,182554302,182858550,188476505,189023503,202331813,205253711,228110201,231323035,234884663,240592520,245351833,256079734,277124651,283554318,292587305,292818330,305448528,318328404,319819166,324493801,342393290,359124818,364636751,370040028,375873824,380790739,382314821,384380510,418009853,418024333,434139584,450967075,463849591,484874091,495691045,511377234,515275322,519776532,525307874,527623156,537124826,572285935,587592290,644134331,735335443,756983622,773998281,813977099,877654076,881288077,958779370,1000313085,1030034142,1082559243,1100140841,1260535289,1358002180,1381645799,1387253973,1389838651,1393910316,1394839359,1411776662,1525128476,1579077813,1813759848,1841900509,1992410649,2030760456,2081012324,2081512079,2087662059,2091230502,2116963331,2168597528,2186132627,2217043099,2229568558,2231570854,2237963647,2264038075,2283702576,2289823014,2297351718,2307558961,2308879577,2336543667,2336942741,2343113638,2356540937,2389896984,2397482849,2438519654,2485731733,2500836783,2505408698,2519376735,2532621313,2537068619,2539458497,2540092049,2540939944,2541210546,2541917242,2552465608,2565472747,2566561267,2579943281,2589840368,2594826180,2600958754,2605631921,2613697704,2623831369,2633833076,2642424285,2643859051,2649692521,2654599844,2676516865
sports car,1440160335,2237963647
sportswear,188476505,2278128443,2297351718,2642424285
sprocket,319819166,1394504558
spruce,360197603
squirrel,2512388670
stadium,21960139,74181310,162865287,2565472747
stage,3967833,13860387,164961282,277124651,295572853,566054234,603180536,651684781,714321125,1556618468,1803080543
stained glass,39729521,293922559,348386912,652544665,1474771336
stairs,205253711,535213765
stairwell,535213765,2296692471,2418950445
stall,22548446,34302694,1322006458,1393910316,2147844654,2157271939,2581206045
star shape,2578876990
statue,28691389,191684963,240592520,395760605,476892436
steam engine,2133605412
steel arch bridge,21960139,1668116260
steeple,218812458
steering wheel,25621771
step,205253711,535213765,2296692471
steppe,26494525,87725392,275804646,278557389,319707746,418009853,544476206,958779370,1795217965,2545607265
stock car,44879802,158565871,756983622,2157271939,2237963647
stone wall,252792523,2471776337
stonework,13903837,28691389,116773275,448522903,1049921616,1864826018,2372887589,2471776337
stoop,107578213,443954065,943609424
store shelf,2603441011
storm,278557389,306954629,2032193286
stove gas burner,5221451
stream,50832395,164086512,252792523,260695923,288671977,360197603,380790739,656627380,1845784934,2052053410,2084551032,2167066190,2583478083,2594826180
street sign,2062040,75780574,192239539,198632766,206952130,1634795058,2187969732,2603441011
streetcar,222905276,2308879577
streetlight,149134763,228110201,229952562,585488899,918276103,1229709083,2205107328,2608659008
stringed instrument,20422315,56305749,59651013,67711312,101772059,160396221,164961282,177712205,401816244,450967075,463307696,519572102,536415654,714321125,1594279840,1734657282,2296692471,2448600609,2476694118,2534352864,2553630504,2676516865
stronghold,3210593,191901635,346464074,448522903,1268929741,1403061248,1864826018,2122560341,2156986834,2372887589,2382193322,2550467364,2627541699,2636113799,2637513972
stubble,91272996,830075810
student,189546443,2470568556
studio couch,222896958
study hall,112836544,189546443,2250855125
study room,112836544,118376111,424828032,2250855125
succulent,992112800,1678854254
suit,888347376
sumo wrestling,2217043099,2307558961
sun parlor,60466077,2163552376
sun,61859916,130991928,135800660,209402727,306954629,727940317,1201025109,1229709083,1394839359,2036724200,2205107328,2396601647,2449493239
sunbath,495691045,511377234,1100140841,1332460038,2356540937
sunlight,1394839359,2396601647
sunrise,5395668,1201025109,1229709083,1394839359,2036724200,2205107328,2396601647,2449493239
sunset,1201025109,1229709083,1394839359,2396601647
support column,398702082,544107749,672007602,2443127728
surfing,587592290,644134331,735335443
surreal,1796994979,2398726235
sushi,2413732894,2451591594
swamp,292587305,2531497427
swan,50832395
swim,3967833,37119005,189196993,202331813,463849591,511377234,537124826,644134331,735335443,773998281,1000313085,1394839359,2356540937,2438519654,2505408698,2552465608,2633833076
swimming trunks,1100140841
swimsuit,489487156,511377234,1100140841
swine,55277230
swing,54914084,77131556,377787113,885954576,2292797583,2592611628
symmetry,6777346,89581032,98825736,153189577,355344781,432291866,1342668421,2259974631,2362125100,2578876990
tabby,492875246,846456724,1063634217,2487505095,2632327798,2635210579
table lamp,2647865284
table tennis,2540939944
table,68949521,112836544,135800660,164236783,195575666,250156458,402960908,432291866,454076636,841700952,1200848438,1348223334,1361694059,1456818078,2250855125,2268559784,2289940012,2416627028,2570491575,2644710393
taillight,1294096497
tangle,295234584,992112800
tarpaulin,98825736,2626755673
tartan,246991981,1439315442
tattoo,134448169,1466365567
tea,101986983,227473537,2413732894
team sport,162865287,384380510,1358002180,2186132627,2540092049
telephone booth,348386912
telephone pole,5395668,1229709083
telephone wire,5395668,1229709083
television,781310418
temple,19580877,48766933,218812458,251666801,537136558,700836520,2230006563,2372887589,2589523539
tennis,228110201
tent,164961282,2091230502,2626755673
tepee,2626755673
text,2062040,6777346,21917292,27058497,35333717,70095169,75780574,103356829,136810587,138007277,144719944,162580564,192239539,198632766,201038875,206952130,229952562,243359346,293922559,302914920,322288178,466201180,478673201,523056300,560215072,706313534,781310418,1051066903,1127188742,1434150232,1620305433,1634795058,1858109134,2098352140,2119342539,2122086628,2181985569,2187969732,2229589557,2236196478,2259584763,2357757234,2397482849,2407469504,2443350177,2454453313,2481521999,2495149330,2553341619,2569904727,2603441011,2654226745,2654599844
texture,6777346,13903837,61859916,108431851,123893403,139296556,205277465,206952130,295234584,382314821,395513809,463849591,1823368317,2101219909,2142700172,2229589557,2358789431,2397482849,2471776337,2512388670
thatch,127015590,2372887589
timepiece,1411776662
tire,44879802,319819166,1394504558
token,1411776662
topiary,89467346,807932364,1421804583
tower,7985241,9518155,10349991,19580877,20310093,191901635,195542406,215141280,229952562,241248152,251666801,357595787,366370800,448522903,478673201,541290583,544107749,585488899,702832899,918276103,1229709083,1394839359,1864826018,1992410649,2122560341,2164006612,2230006563,2285508750,2372887589,2392139318,2454453313,2608659008,2632108654
toy,194076081,544326859
track,148071292,205253711,292818330,380790739,382314821,384380510,1000313085,1100140841,1358002180,1389838651,2308879577,2397482849,2532621313,2594826180
tractor,55890307,158565871
trail,148071292,493056889,1521061329,2052053410,2412294847,2594826180,2646016308
train,148071292,306971525,335083857,942953185,2133605412,2207071300,2290248747,2308879577,2370108583,2532621313
tramline,335083857,2308879577
trapeze,164961282,714321125
tree frog,526628045
tree,4628485,7985241,25227750,28691389,49920094,54914084,82417102,149134763,206308870,209402727,253668016,295234584,307415145,314443186,322966990,360197603,377787113,389129848,409032354,415234289,428700428,446779620,452354422,512789590,522875401,537136558,594668974,656627380,718836924,727940317,818507671,916960197,944894723,1103677200,1360923684,1394308489,1922179859,2200474822,2211031002,2233047334,2292797583,2308902813,2446186051,2512388670,2532123147,2594826180,2653105539
trestle,1668116260
triptych,3967833,274715099,293922559,397758914,2236196478
tropical,37119005,91047082,154161621,512789590,656627380,1394839359,2116963331,2396601647,2413884286,2462317092,2497840790,2532123147
truck,50880267,55890307,158565871,2157271939
truss,15512694,260695923,1668116260
turtle,2118922555
umbel,581298522
umbrella,727940317,2626755673
undergarment,12223899
underwater,72261081,256893058,305511214,394361925,463849591,1369125592,2461178429,2505408698
urban decay,13903837,206952130,398702082
valley,19712711,26494525,47389788,172348354,252792523,259939989,282169809,305448528,346464074,399080876,656627380,1268929741,1618204856,2098314512,2233047334,2431243999,2493089986,2583478083,2615143902,2646016308
van,198632766,1440160335
vault,38207846,183352786,1302443986,1391694851,1474771336,2072190925,2237692935,2362513116
vegetable,480049562,1322006458,2297552664
vehicle,6292826,8593255,12420828,21960139,25621771,34057154,44571479,44879802,50880267,55890307,63676031,65629091,98825736,118376111,148071292,154161621,158565871,159638079,160046625,181768314,185202578,198632766,205253711,212002963,222905276,225023373,227874761,245351833,265139537,282069800,282982546,291412821,306971525,318328404,319819166,335083857,342393290,370040028,377787113,409263528,423397614,483001795,491105757,537124826,587592290,644134331,756983622,799752875,877654076,942953185,1229709083,1268929741,1386327355,1394504558,1394839359,1440160335,1506213511,1560971808,1678854254,1813759848,1888525126,1992410649,2046122211,2051991129,2052510306,2069710899,2123758726,2133605412,2157271939,2157455642,2207071300,2229568558,2237963647,2240848300,2245962407,2290248747,2296741507,2308879577,2356540937,2370108583,2379904195,2386910894,2389896984,2412294847,2471776337,2471981001,2475435786,2477795310,2513775099,2532621313,2539458497,2550393562,2553341619,2566561267,2578876990,2579943281,2589840368,2600958754,2604637707,2605631921,2608659008,2615656261,2654599844
viaduct,1421804583
vigil light,70095169,135800660,295572853,329549489,495795652,536415654,1788107777,1803080543,2307558961,2411335934,2481521999,2634080580
villa,637430652,1195771989,2656493496
violin,160396221,714321125,1594279840,2676516865
vivarium,2084193596,2498375715
volcanic crater,898137360,2035796670,2283702576,2405558850,2493089986
volleyball,68916290,418009853,511377234,1100140841,2356540937,2540092049
wagon,227874761,2579943281
walkway,54914084,148071292,205253711,390982196,428700428,942953185,1386327355,2257970455,2292797583,2365232528,2372887589,2532621313,2594826180
wall,206952130,288671977,1014171498,2471776337,2637513972
warehouse,206952130,504890452
watch,1411776662
watchtower,7985241,541290583
water ski,587592290,735335443,2589840368
water skiing,587592290,644134331,735335443,877654076,2589840368
water sport,3967833,37119005,202331813,463849591,511377234,537124826,587592290,644134331,735335443,773998281,877654076,881288077,1000313085,1394839359,1813759848,2116963331,2356540937,2438519654,2505408698,2552465608,2589840368,2633833076
water,3967833,21960139,28532796,34057154,37119005,50832395,63676031,67370894,72261081,91047082,128371728,148744699,154161621,164086512,189196993,202331813,241248152,252792523,256893058,260695923,275804646,282069800,282982546,288671977,291412821,292587305,305448528,305511214,360197603,380790739,394361925,399080876,402859487,418009853,463849591,493056889,495691045,504292712,511377234,537124826,587592290,594668974,644134331,656627380,735335443,773998281,799752875,877654076,898137360,1000313085,1014171498,1229709083,1268929741,1369125592,1394839359,1399333635,1403061248,1668116260,1845784934,1992410649,2032193286,2052053410,2084551032,2111400646,2116963331,2158603848,2167066190,2233047334,2245527300,2356540937,2396601647,2413884286,2438519654,2449493239,2461178429,2468501285,2475435786,2497840790,2505408698,2513775099,2539458497,2552465608,2583478083,2589840368,2594826180,2610912852,2633833076,2646016308
watercolor,2236196478
watercourse,21960139,37119005,67370894,282069800,288671977,291412821,292587305,305448528,402859487,594668974,656627380,799752875,877654076,898137360,1394839359,1403061248,1668116260,1845784934,1992410649,2084551032,2111400646,2167066190,2449493239,2583478083,2589840368
waterfall,656627380,2167066190,2233047334,2583478083
waterfowl,50832395
waterfront,21960139,28532796,34057154,37119005,63676031,67370894,91047082,154161621,241248152,282069800,282982546,799752875,1014171498,1229709083,1268929741,1394839359,1399333635,1668116260,1992410649,2032193286,2111400646,2158603848,2245527300,2396601647,2413884286,2475435786,2513775099,2539458497,2610912852
waterwheel,260695923,1668116260,2362513116
wave,91047082,587592290,898137360,1394839359,2111400646,2396601647,2468501285
weathervane,265139537
web,61859916,123893403,992112800
wedding,33553379,231999516,432274444,1381645799,2485607821,2633493920
whale shark,2505408698
wheat,295234584
wheel spoke,319819166,1394504558
wheel,21917292,44879802,260695923,319819166,1334212987,1394504558,1668116260,2237692935,2237963647,2362513116
white background,50923571,89581032,377110577
white rice,2142700172
white,7284581,20272509,30123514,50832395,50923571,89581032,119325238,197645498,360197603,377110577,480075794,581298522,1027505935,1063634217,2142700172,2370430294,2424220309
whiteboard,103356829,1051066903
wicker basket,2635210579
willow,452354422
wind turbine,418009853,1229709083
windmill,585488899,1229709083,2205107328,2608659008
window frame,20089623,60466077,206952130,2163552376,2418950445,2454453313
window,20089623,23801527,60466077,144955304,206952130,328919148,348386912,652544665,846456724,1474771336,1977489284,2163552376,2418950445,2454453313,2580962476
windowsill,23801527,60466077,144955304,328919148,846456724
windshield,8593255,25621771,306971525,388179348,483001795,2046122211
wine cask,1411776662
wine,89581032,180830060,536152909,1411776662
wire,5395668,1229709083
wood fence,464685163,2301402444
wood laminate,61859916,283554318,425694628
wood panels,2647865284
wood,61859916,62636966,283554318,425694628,2397482849,2647865284
wool,139296556,1439315442,1895114393,2101885074,2635210579
writing,2062040,103356829,523056300,560215072,1051066903,2122086628,2229589557,2443350177
yacht,1560971808
yak,525307874
yard,28532796,89467346,364636751,428700428,948229473,1403862147,2613697704
yarn,1895114393,2635210579
yearling,182858550,241858006
yellow,6777346,7284581,119325238,129616873,206308870,822126720,1521061329,1842216598,2603677513
yorkshire terrier,1387130140
yurt,127015590,2626755673
zebra,21917292
